아일랜드소설,아일랜드문학
한국판타지/환상소설,2000년대 이후 한국소설
아일랜드소설,아일랜드문학,영화소설
2000년대 이후 한국소설
2000년대 이후 한국소설
2000년대 이전 한국소설
1950년대 이후 일본소설,일본문학,올해의 책 TOP 10
2000년대 이후 한국소설,올해의 책 TOP 10
영미소설,미국문학,퓰리처상
2000년대 이후 한국소설
한국판타지/환상소설,2000년대 이후 한국소설
2000년대 이후 한국소설
2000년대 이후 한국소설
1950년대 이전 일본소설,일본문학,영화소설
2000년대 이후 한국소설,올해의 책 TOP 10,메디치상,대산문학상
1950년대 이후 일본소설,일본문학
일본 추리/미스터리소설,일본문학
교양 인문학
영미소설,서양근대문학,미국문학
독일소설,서양현대고전,위대한 작가들,독일문학,성장문학,노벨문학상
2000년대 이후 한국소설,올해의 책 TOP 10
2000년대 이후 한국소설
2000년대 이후 한국소설
북유럽소설,북유럽문학,노벨문학상
1950년대 이후 일본소설,일본문학
독일소설,서양현대고전,위대한 작가들,독일문학,노벨문학상
2000년대 이후 한국소설
외국판타지/환상소설,일본문학,1950년대 이후 일본소설
동유럽소설,동유럽문학
영미소설,영국문학,사랑/연애/에로티시즘
1950년대 이후 일본소설,일본문학,영화소설
프랑스소설,서양현대고전,프랑스문학,노벨문학상
2000년대 이전 한국소설,여성문학,영화소설
영미소설,외국 로맨스소설,미국문학,사랑/연애/에로티시즘
2000년대 이후 한국소설

1950년대 이후 일본소설,일본문학
영미소설,미국문학
2000년대 이후 한국소설,올해의 책 Top 10,이탈리아 말라파르테 문학상
1950년대 이후 일본소설,일본문학,영화소설
2000년대 이후 한국소설,영화소설
2000년대 이후 한국소설,올해의 책 TOP 10,대산문학상
한국 과학소설,2000년대 이후 한국소설,한국과학문학상
1950년대 이후 일본소설,일본문학,영화소설
영미소설,서양현대고전,미국문학,퓰리처상,노벨문학상
북유럽소설,북유럽문학
한국 과학소설,드라마 소설,2000년대 이후 한국소설
한국 추리/미스터리소설,2000년대 이후 한국소설