채식주의자_한강,오늘 밤, 거짓말의 세계에서 잊을 수 없는 사랑을_이치조 미사키,오늘 밤, 세계에서 이 사랑이 사라진다해도_이치조 미사키,구의 증명_최진영,인간실격_다자이 오사무,바다가 들리는 편의점 (한정판)_마치다 소노코,파과_구병모,세상의 마지막 기차역_무라세 다케시,소년이 온다_한강,데미안_헤르만 헤세,천 개의 파랑_천선란,지구끝의 온실_김초엽,이방인_알베르 카뮈,바다가 들리는 편의점_마치다 소노코,나미야 잡화점의 기적_히가시노 게이고,단 한 사람_최진영,참을 수 없는 존재의 가벼움_밀란 쿤데라,노르웨이의 숲_무라카미 하루키,노인과 바다_어니스트 헤밍웨이,나는 소망한다 내게 금지된 것을_양귀자,메리골드 마음세탁소_윤정은,모순_양귀자,밝은 밤_최은영,작별하지 않는다_한강,불편한 편의점_김호연,싯다르타_헤르만 헤세,모비딕_허먼 멜빌,메리골드 마음사진관_윤정은,홍학의 자리_정해연,눈에 갇힌 외딴 산장에서_히가시노 게이고,불편한 편의점2_김호연,아주 희미한 빛으로도_최은영,위너1_프레드릭 배크만,아버지의 해방일지_정지아,각각의 계절_권여선,스토너_존 윌리엄스,이처럼 사소한 것들_클레어 키건,맡겨진 소녀_클레어 키건,도시와 그 불확실한 벽_무라카미 하루키,스파이 외전_민경우,아침 그리고 저녁_욘 포세,황금종이2_조정래,트러스트_에르난 디아스,황금종이1_조정래,사라진 것들_앤드루 포터,왜 나는 너를 사랑하는가_알랭드 보통,위시_니컬러스 스파크스,돌연한 출발_프란츠 카프카
나는 소망한다 내게 금지된 것을_양귀자,파과_구병모,모순_양귀자,천 개의 파랑_천선란,지구끝의 온실_김초엽,참을 수 없는 존재의 가벼움_밀란 쿤데라,소년이 온다_한강,밝은 밤_최은영,인간실격_다자이 오사무,구의 증명_최진영,단 한 사람_최진영,노르웨이의 숲_무라카미 하루키,이방인_알베르 카뮈,홍학의 자리_정해연,데미안_헤르만 헤세,채식주의자_한강,작별하지 않는다_한강,싯다르타_헤르만 헤세,아주 희미한 빛으로도_최은영,오늘 밤, 세계에서 이 사랑이 사라진다해도_이치조 미사키,노인과 바다_어니스트 헤밍웨이,메리골드 마음세탁소_윤정은,스토너_존 윌리엄스,나미야 잡화점의 기적_히가시노 게이고,메리골드 마음사진관_윤정은,눈에 갇힌 외딴 산장에서_히가시노 게이고,모비딕_허먼 멜빌,바다가 들리는 편의점_마치다 소노코,불편한 편의점_김호연,바다가 들리는 편의점 (한정판)_마치다 소노코,불편한 편의점2_김호연,각각의 계절_권여선,아침 그리고 저녁_욘 포세,위너1_프레드릭 배크만,세상의 마지막 기차역_무라세 다케시,오늘 밤, 거짓말의 세계에서 잊을 수 없는 사랑을_이치조 미사키,도시와 그 불확실한 벽_무라카미 하루키,이처럼 사소한 것들_클레어 키건,트러스트_에르난 디아스,아버지의 해방일지_정지아,맡겨진 소녀_클레어 키건,사라진 것들_앤드루 포터,황금종이1_조정래,황금종이2_조정래,스파이 외전_민경우,왜 나는 너를 사랑하는가_알랭드 보통,위시_니컬러스 스파크스,돌연한 출발_프란츠 카프카
나는 소망한다 내게 금지된 것을_양귀자,홍학의 자리_정해연,밝은 밤_최은영,모순_양귀자,아주 희미한 빛으로도_최은영,스토너_존 윌리엄스,메리골드 마음사진관_윤정은,소년이 온다_한강,단 한 사람_최진영,지구끝의 온실_김초엽,사라진 것들_앤드루 포터,참을 수 없는 존재의 가벼움_밀란 쿤데라,싯다르타_헤르만 헤세,위너1_프레드릭 배크만,작별하지 않는다_한강,각각의 계절_권여선,파과_구병모,이처럼 사소한 것들_클레어 키건,천 개의 파랑_천선란,트러스트_에르난 디아스,아침 그리고 저녁_욘 포세,도시와 그 불확실한 벽_무라카미 하루키,눈에 갇힌 외딴 산장에서_히가시노 게이고,바다가 들리는 편의점_마치다 소노코,맡겨진 소녀_클레어 키건,메리골드 마음세탁소_윤정은,데미안_헤르만 헤세,아버지의 해방일지_정지아,불편한 편의점2_김호연,불편한 편의점_김호연,노르웨이의 숲_무라카미 하루키,인간실격_다자이 오사무,구의 증명_최진영,이방인_알베르 카뮈,모비딕_허먼 멜빌,노인과 바다_어니스트 헤밍웨이,채식주의자_한강,나미야 잡화점의 기적_히가시노 게이고,세상의 마지막 기차역_무라세 다케시,바다가 들리는 편의점 (한정판)_마치다 소노코,황금종이1_조정래,황금종이2_조정래,스파이 외전_민경우,오늘 밤, 세계에서 이 사랑이 사라진다해도_이치조 미사키,오늘 밤, 거짓말의 세계에서 잊을 수 없는 사랑을_이치조 미사키,왜 나는 너를 사랑하는가_알랭드 보통,위시_니컬러스 스파크스,돌연한 출발_프란츠 카프카
위너1_프레드릭 배크만,메리골드 마음사진관_윤정은,바다가 들리는 편의점_마치다 소노코,맡겨진 소녀_클레어 키건,각각의 계절_권여선,이처럼 사소한 것들_클레어 키건,불편한 편의점2_김호연,불편한 편의점_김호연,소년이 온다_한강,사라진 것들_앤드루 포터,세상의 마지막 기차역_무라세 다케시,노인과 바다_어니스트 헤밍웨이,스토너_존 윌리엄스,아버지의 해방일지_정지아,메리골드 마음세탁소_윤정은,트러스트_에르난 디아스,데미안_헤르만 헤세,나미야 잡화점의 기적_히가시노 게이고,바다가 들리는 편의점 (한정판)_마치다 소노코,도시와 그 불확실한 벽_무라카미 하루키,단 한 사람_최진영,아주 희미한 빛으로도_최은영,아침 그리고 저녁_욘 포세,밝은 밤_최은영,눈에 갇힌 외딴 산장에서_히가시노 게이고,모비딕_허먼 멜빌,오늘 밤, 세계에서 이 사랑이 사라진다해도_이치조 미사키,작별하지 않는다_한강,지구끝의 온실_김초엽,황금종이1_조정래,황금종이2_조정래,이방인_알베르 카뮈,싯다르타_헤르만 헤세,천 개의 파랑_천선란,오늘 밤, 거짓말의 세계에서 잊을 수 없는 사랑을_이치조 미사키,구의 증명_최진영,홍학의 자리_정해연,채식주의자_한강,인간실격_다자이 오사무,참을 수 없는 존재의 가벼움_밀란 쿤데라,스파이 외전_민경우,모순_양귀자,파과_구병모,노르웨이의 숲_무라카미 하루키,나는 소망한다 내게 금지된 것을_양귀자,왜 나는 너를 사랑하는가_알랭드 보통,위시_니컬러스 스파크스,돌연한 출발_프란츠 카프카
맡겨진 소녀_클레어 키건,이처럼 사소한 것들_클레어 키건,아버지의 해방일지_정지아,황금종이2_조정래,황금종이1_조정래,아침 그리고 저녁_욘 포세,위너1_프레드릭 배크만,스파이 외전_민경우,각각의 계절_권여선,사라진 것들_앤드루 포터,메리골드 마음사진관_윤정은,불편한 편의점2_김호연,불편한 편의점_김호연,트러스트_에르난 디아스,나미야 잡화점의 기적_히가시노 게이고,단 한 사람_최진영,모비딕_허먼 멜빌,스토너_존 윌리엄스,바다가 들리는 편의점_마치다 소노코,작별하지 않는다_한강,아주 희미한 빛으로도_최은영,눈에 갇힌 외딴 산장에서_히가시노 게이고,세상의 마지막 기차역_무라세 다케시,이방인_알베르 카뮈,메리골드 마음세탁소_윤정은,도시와 그 불확실한 벽_무라카미 하루키,밝은 밤_최은영,노인과 바다_어니스트 헤밍웨이,채식주의자_한강,천 개의 파랑_천선란,구의 증명_최진영,바다가 들리는 편의점 (한정판)_마치다 소노코,지구끝의 온실_김초엽,소년이 온다_한강,싯다르타_헤르만 헤세,오늘 밤, 세계에서 이 사랑이 사라진다해도_이치조 미사키,참을 수 없는 존재의 가벼움_밀란 쿤데라,오늘 밤, 거짓말의 세계에서 잊을 수 없는 사랑을_이치조 미사키,모순_양귀자,인간실격_다자이 오사무,데미안_헤르만 헤세,노르웨이의 숲_무라카미 하루키,파과_구병모,홍학의 자리_정해연,나는 소망한다 내게 금지된 것을_양귀자,왜 나는 너를 사랑하는가_알랭드 보통,위시_니컬러스 스파크스,돌연한 출발_프란츠 카프카
스파이 외전_민경우,아버지의 해방일지_정지아,각각의 계절_권여선,아침 그리고 저녁_욘 포세,황금종이2_조정래,황금종이1_조정래,이처럼 사소한 것들_클레어 키건,맡겨진 소녀_클레어 키건,모비딕_허먼 멜빌,위너1_프레드릭 배크만,사라진 것들_앤드루 포터,메리골드 마음사진관_윤정은,메리골드 마음세탁소_윤정은,작별하지 않는다_한강,트러스트_에르난 디아스,불편한 편의점2_김호연,아주 희미한 빛으로도_최은영,스토너_존 윌리엄스,불편한 편의점_김호연,나미야 잡화점의 기적_히가시노 게이고,도시와 그 불확실한 벽_무라카미 하루키,밝은 밤_최은영,눈에 갇힌 외딴 산장에서_히가시노 게이고,바다가 들리는 편의점_마치다 소노코,단 한 사람_최진영,세상의 마지막 기차역_무라세 다케시,채식주의자_한강,모순_양귀자,싯다르타_헤르만 헤세,이방인_알베르 카뮈,노인과 바다_어니스트 헤밍웨이,노르웨이의 숲_무라카미 하루키,참을 수 없는 존재의 가벼움_밀란 쿤데라,오늘 밤, 거짓말의 세계에서 잊을 수 없는 사랑을_이치조 미사키,소년이 온다_한강,지구끝의 온실_김초엽,천 개의 파랑_천선란,구의 증명_최진영,홍학의 자리_정해연,인간실격_다자이 오사무,나는 소망한다 내게 금지된 것을_양귀자,데미안_헤르만 헤세,오늘 밤, 세계에서 이 사랑이 사라진다해도_이치조 미사키,바다가 들리는 편의점 (한정판)_마치다 소노코,파과_구병모,왜 나는 너를 사랑하는가_알랭드 보통,위시_니컬러스 스파크스,돌연한 출발_프란츠 카프카
오늘 밤, 거짓말의 세계에서 잊을 수 없는 사랑을_이치조 미사키,오늘 밤, 세계에서 이 사랑이 사라진다해도_이치조 미사키,인간실격_다자이 오사무,이방인_알베르 카뮈,데미안_헤르만 헤세,노인과 바다_어니스트 헤밍웨이,노르웨이의 숲_무라카미 하루키,구의 증명_최진영,세상의 마지막 기차역_무라세 다케시,채식주의자_한강,바다가 들리는 편의점 (한정판)_마치다 소노코,바다가 들리는 편의점_마치다 소노코,싯다르타_헤르만 헤세,소년이 온다_한강,모비딕_허먼 멜빌,불편한 편의점_김호연,나미야 잡화점의 기적_히가시노 게이고,단 한 사람_최진영,불편한 편의점2_김호연,참을 수 없는 존재의 가벼움_밀란 쿤데라,아버지의 해방일지_정지아,지구끝의 온실_김초엽,아침 그리고 저녁_욘 포세,천 개의 파랑_천선란,눈에 갇힌 외딴 산장에서_히가시노 게이고,위너1_프레드릭 배크만,스토너_존 윌리엄스,밝은 밤_최은영,아주 희미한 빛으로도_최은영,모순_양귀자,도시와 그 불확실한 벽_무라카미 하루키,트러스트_에르난 디아스,작별하지 않는다_한강,파과_구병모,홍학의 자리_정해연,메리골드 마음사진관_윤정은,이처럼 사소한 것들_클레어 키건,황금종이1_조정래,황금종이2_조정래,나는 소망한다 내게 금지된 것을_양귀자,맡겨진 소녀_클레어 키건,메리골드 마음세탁소_윤정은,각각의 계절_권여선,사라진 것들_앤드루 포터,스파이 외전_민경우,왜 나는 너를 사랑하는가_알랭드 보통,위시_니컬러스 스파크스,돌연한 출발_프란츠 카프카
오늘 밤, 거짓말의 세계에서 잊을 수 없는 사랑을_이치조 미사키,오늘 밤, 세계에서 이 사랑이 사라진다해도_이치조 미사키,노르웨이의 숲_무라카미 하루키,이방인_알베르 카뮈,나미야 잡화점의 기적_히가시노 게이고,세상의 마지막 기차역_무라세 다케시,인간실격_다자이 오사무,노인과 바다_어니스트 헤밍웨이,싯다르타_헤르만 헤세,눈에 갇힌 외딴 산장에서_히가시노 게이고,구의 증명_최진영,바다가 들리는 편의점_마치다 소노코,모비딕_허먼 멜빌,데미안_헤르만 헤세,바다가 들리는 편의점 (한정판)_마치다 소노코,참을 수 없는 존재의 가벼움_밀란 쿤데라,불편한 편의점2_김호연,도시와 그 불확실한 벽_무라카미 하루키,채식주의자_한강,불편한 편의점_김호연,지구끝의 온실_김초엽,메리골드 마음사진관_윤정은,아주 희미한 빛으로도_최은영,작별하지 않는다_한강,트러스트_에르난 디아스,밝은 밤_최은영,스토너_존 윌리엄스,모순_양귀자,아침 그리고 저녁_욘 포세,천 개의 파랑_천선란,소년이 온다_한강,아버지의 해방일지_정지아,단 한 사람_최진영,이처럼 사소한 것들_클레어 키건,파과_구병모,메리골드 마음세탁소_윤정은,위너1_프레드릭 배크만,홍학의 자리_정해연,황금종이1_조정래,황금종이2_조정래,사라진 것들_앤드루 포터,맡겨진 소녀_클레어 키건,스파이 외전_민경우,각각의 계절_권여선,나는 소망한다 내게 금지된 것을_양귀자,왜 나는 너를 사랑하는가_알랭드 보통,위시_니컬러스 스파크스,돌연한 출발_프란츠 카프카
도시와 그 불확실한 벽_무라카미 하루키,싯다르타_헤르만 헤세,눈에 갇힌 외딴 산장에서_히가시노 게이고,스토너_존 윌리엄스,모비딕_허먼 멜빌,트러스트_에르난 디아스,노르웨이의 숲_무라카미 하루키,나미야 잡화점의 기적_히가시노 게이고,사라진 것들_앤드루 포터,노인과 바다_어니스트 헤밍웨이,아침 그리고 저녁_욘 포세,각각의 계절_권여선,인간실격_다자이 오사무,황금종이1_조정래,오늘 밤, 거짓말의 세계에서 잊을 수 없는 사랑을_이치조 미사키,이방인_알베르 카뮈,작별하지 않는다_한강,황금종이2_조정래,불편한 편의점2_김호연,참을 수 없는 존재의 가벼움_밀란 쿤데라,이처럼 사소한 것들_클레어 키건,바다가 들리는 편의점_마치다 소노코,데미안_헤르만 헤세,소년이 온다_한강,아버지의 해방일지_정지아,아주 희미한 빛으로도_최은영,불편한 편의점_김호연,세상의 마지막 기차역_무라세 다케시,위너1_프레드릭 배크만,맡겨진 소녀_클레어 키건,메리골드 마음사진관_윤정은,단 한 사람_최진영,밝은 밤_최은영,메리골드 마음세탁소_윤정은,스파이 외전_민경우,지구끝의 온실_김초엽,채식주의자_한강,오늘 밤, 세계에서 이 사랑이 사라진다해도_이치조 미사키,천 개의 파랑_천선란,구의 증명_최진영,바다가 들리는 편의점 (한정판)_마치다 소노코,홍학의 자리_정해연,파과_구병모,나는 소망한다 내게 금지된 것을_양귀자,모순_양귀자,왜 나는 너를 사랑하는가_알랭드 보통,위시_니컬러스 스파크스,돌연한 출발_프란츠 카프카
황금종이1_조정래,황금종이2_조정래,도시와 그 불확실한 벽_무라카미 하루키,트러스트_에르난 디아스,모비딕_허먼 멜빌,노인과 바다_어니스트 헤밍웨이,스토너_존 윌리엄스,눈에 갇힌 외딴 산장에서_히가시노 게이고,싯다르타_헤르만 헤세,아버지의 해방일지_정지아,스파이 외전_민경우,맡겨진 소녀_클레어 키건,불편한 편의점2_김호연,이처럼 사소한 것들_클레어 키건,데미안_헤르만 헤세,나미야 잡화점의 기적_히가시노 게이고,소년이 온다_한강,불편한 편의점_김호연,사라진 것들_앤드루 포터,바다가 들리는 편의점_마치다 소노코,아침 그리고 저녁_욘 포세,세상의 마지막 기차역_무라세 다케시,위너1_프레드릭 배크만,작별하지 않는다_한강,아주 희미한 빛으로도_최은영,메리골드 마음사진관_윤정은,각각의 계절_권여선,메리골드 마음세탁소_윤정은,바다가 들리는 편의점 (한정판)_마치다 소노코,오늘 밤, 세계에서 이 사랑이 사라진다해도_이치조 미사키,오늘 밤, 거짓말의 세계에서 잊을 수 없는 사랑을_이치조 미사키,인간실격_다자이 오사무,노르웨이의 숲_무라카미 하루키,단 한 사람_최진영,이방인_알베르 카뮈,지구끝의 온실_김초엽,천 개의 파랑_천선란,참을 수 없는 존재의 가벼움_밀란 쿤데라,밝은 밤_최은영,홍학의 자리_정해연,채식주의자_한강,구의 증명_최진영,모순_양귀자,파과_구병모,나는 소망한다 내게 금지된 것을_양귀자,왜 나는 너를 사랑하는가_알랭드 보통,위시_니컬러스 스파크스,돌연한 출발_프란츠 카프카
스파이 외전_민경우,황금종이2_조정래,황금종이1_조정래,모비딕_허먼 멜빌,아버지의 해방일지_정지아,트러스트_에르난 디아스,아침 그리고 저녁_욘 포세,도시와 그 불확실한 벽_무라카미 하루키,불편한 편의점2_김호연,작별하지 않는다_한강,눈에 갇힌 외딴 산장에서_히가시노 게이고,맡겨진 소녀_클레어 키건,이처럼 사소한 것들_클레어 키건,불편한 편의점_김호연,스토너_존 윌리엄스,세상의 마지막 기차역_무라세 다케시,위너1_프레드릭 배크만,노인과 바다_어니스트 헤밍웨이,소년이 온다_한강,이방인_알베르 카뮈,사라진 것들_앤드루 포터,채식주의자_한강,바다가 들리는 편의점_마치다 소노코,싯다르타_헤르만 헤세,아주 희미한 빛으로도_최은영,단 한 사람_최진영,구의 증명_최진영,나미야 잡화점의 기적_히가시노 게이고,오늘 밤, 거짓말의 세계에서 잊을 수 없는 사랑을_이치조 미사키,오늘 밤, 세계에서 이 사랑이 사라진다해도_이치조 미사키,바다가 들리는 편의점 (한정판)_마치다 소노코,메리골드 마음사진관_윤정은,천 개의 파랑_천선란,데미안_헤르만 헤세,인간실격_다자이 오사무,밝은 밤_최은영,노르웨이의 숲_무라카미 하루키,참을 수 없는 존재의 가벼움_밀란 쿤데라,지구끝의 온실_김초엽,메리골드 마음세탁소_윤정은,모순_양귀자,각각의 계절_권여선,홍학의 자리_정해연,파과_구병모,나는 소망한다 내게 금지된 것을_양귀자,왜 나는 너를 사랑하는가_알랭드 보통,위시_니컬러스 스파크스,돌연한 출발_프란츠 카프카
스파이 외전_민경우,황금종이2_조정래,황금종이1_조정래,모비딕_허먼 멜빌,아버지의 해방일지_정지아,아침 그리고 저녁_욘 포세,트러스트_에르난 디아스,각각의 계절_권여선,사라진 것들_앤드루 포터,작별하지 않는다_한강,위너1_프레드릭 배크만,메리골드 마음사진관_윤정은,메리골드 마음세탁소_윤정은,단 한 사람_최진영,이처럼 사소한 것들_클레어 키건,맡겨진 소녀_클레어 키건,도시와 그 불확실한 벽_무라카미 하루키,채식주의자_한강,눈에 갇힌 외딴 산장에서_히가시노 게이고,불편한 편의점2_김호연,아주 희미한 빛으로도_최은영,스토너_존 윌리엄스,불편한 편의점_김호연,싯다르타_헤르만 헤세,이방인_알베르 카뮈,노인과 바다_어니스트 헤밍웨이,소년이 온다_한강,바다가 들리는 편의점_마치다 소노코,밝은 밤_최은영,모순_양귀자,세상의 마지막 기차역_무라세 다케시,참을 수 없는 존재의 가벼움_밀란 쿤데라,구의 증명_최진영,노르웨이의 숲_무라카미 하루키,오늘 밤, 거짓말의 세계에서 잊을 수 없는 사랑을_이치조 미사키,지구끝의 온실_김초엽,천 개의 파랑_천선란,홍학의 자리_정해연,데미안_헤르만 헤세,인간실격_다자이 오사무,나는 소망한다 내게 금지된 것을_양귀자,나미야 잡화점의 기적_히가시노 게이고,오늘 밤, 세계에서 이 사랑이 사라진다해도_이치조 미사키,바다가 들리는 편의점 (한정판)_마치다 소노코,파과_구병모,왜 나는 너를 사랑하는가_알랭드 보통,위시_니컬러스 스파크스,돌연한 출발_프란츠 카프카
