행복,6
사람,12
발견,10
순간,4
아나운서,2
유재석,2
기쁨,2
br,10
div,10
명로진,2
발명,2
불행,2
볼보이의,2
마음의숲,2
별것,2
영광,4
건물주,2
방송연예인에세이,2
자신,16
무인도,2
기사,2
질문,4
행복론,2
종교,4
지선,2
간절,2
인문학,4
생계,2
바둑,2
이중성,2
청소년,6
절망,2
예뻐,2
박명수,2
대답,2
활동,10
생기,4
불면,2
성공,2
다음,4
바가지,2
여행,6
소개,4
머리말,6
우울,2
직결,2
평론가,2
해답,2
최고,6
지극,2
강사,2
명수,2
생존,4
전사,2
특별,4
코로나,2
건강,4
버리는,2
개인적,2
다양,10
대화,4
타개,2
이기적,4
상대,4
천국,2
행복도의,2
연예계,2
회의,2
보통,2
주변,2
내용,4
질책,2
의지,2
법칙,2
의도,4
기자,2
궁금증,2
사소,4
사회,4
사랑,14
답변,2
환경,4
갈증,2
해소,2
물음,4
세상,12
청춘,2
인문학자,2
위협,2
배우,4
쟁기,2
선생,2
사태,2
신작,4
만연,2
경제활동,2
힌트,2
의미,8
각계각층,2
해법,2
시대,8
나이,6
부록,4
필요,4
유보,2
절규,2
상황,4
가지,6
백신,2
당장,2
김홍신,2
일상,8
보편적,2
충분,4
중요성,6
그림자,4
재개,2
외침,2
사유,2
에세이,2
강의,6
인류,2
정의,2
비결,2
조율사,2
소시오패스,2
이토록친밀한배신자,2
존재,4
교수,4
세상을바꾸는시간 15분,2
직장,2
어쩌다어른,2
폭력,2
동료,2
사례,2
정부,2
그저 양심이 없을 뿐입니다,2
교양 심리학,2
장애,2
이원천,2
일면식,2
양심,2
마사 스타우트,2
기업,2
방법,10
구체적,2
아이,8
지침,2
전문가,4
배우자,2
사이버,2
사계절 사계절출판사,2
정신과,4
가정,2
저서,4
스타우트,2
하버드,2
연대,2
진료소,2
매사추세츠,2
성직자,2
상사,2
연민,4
노인,4
업무,2
현명,2
사기,2
지도,2
박사,4
양육권,2
눈물,2
환자,4
인격,2
대학원,6
집단,2
평생,2
주장,2
치부,2
10가지,2
법정,2
저술,2
예방,2
최근,2
악마,2
대처법,2
28,4
대치,2
인지,2
이혼,4
외상,2
윌리엄제임스대학,2
자식,2
심리,2
행사,4
SNS,4
활발,2
살인,4
대면,2
형제자매,2
명확,2
결투,2
냉혈한,2
지침서,2
문헌,2
피하,2
자유,4
감사,2
가난,2
용서,2
이번,6
재직,2
대처,2
담당,2
뻔뻔,2
이해,2
스트레스,2
중이,6
대표적,6
임상,2
자녀,4
분쟁,2
대학교,2
결함,2
참고,2
통계,2
웰즐리대학,2
뉴욕,4
생생,2
공간,2
의과,2
고통,4
나르시시스트,2
적지,2
악랄,2
아이들,6
악인,2
명사,2
은밀,2
보스턴,2
대응법,2
생각,4
교묘,2
영향력,4
착각,2
심리학,2
보조,2
권위,2
장사꾼,2
사정,2
마사,2
한량,2
심리학자,4
관심,6
종합병원,2
비리,2
민기,2
선생님,2
안경점,2
학교,2
학원,2
휴대폰,2
안경,2
게임,6
교실,2
친구,6
엄마,2
시작,12
수상,6
교사에게철학이필요한순간,2
수상한안경점,2
가족,6
평범,2
무관심,2
침대,4
아빠,2
힐링캠프,2
강요,2
과정,8
보이,2
소파,2
청소년 소설,2
십대,2
공감,2
말이,2
몰두,2
자기,2
숙제,2
조욱,2
행복한나무,2
부모님,4
성장소설,2
변화,2
고민,4
성장,6
귀하,2
발표회,2
비밀친구,2
브런치,2
주인아저씨,2
선의,2
그린,6
경험,10
이유,8
수업,4
동시,4
능력,4
brunch,2
공기놀이,2
사이,6
시력,2
연결,2
시선,4
흔하디흔,2
분홍,2
혼란,2
놀이,4
학교생활,2
열매,2
폐업,2
줄다리기,2
직전,4
잡다,2
독자,10
whdnr629,2
홍천기,2
td,2
규장각각신들의나날,2
성균관유생들의나날,2
해를품은달,2
strong,2
li,4
tr,2
span,2
divclass  Ere line2,2
divclass  Ere clear,2
ul,4
영원의사자,2
남자,4
styletype  text css,2
그녀의맞선,2
divclass   Rconts2,2
드라마,4
--목차시작--,2
--목차끝--,2
--책속에서통합시작--,2
--통합--,2
script,2
향기,2
--첫문장--,2
style,2
table,2
divclass   Lpage,2
용재총화,2
divclass   p textbox,2
aname  cl Underline3,2
tdvalign  top,2
Underline,2
#NAME?,2
조선왕조실록,2
조선,2
objPrefix   page,2
divclass  more arrow,2
hidden,2
--책속에서통합끝--,2
divclass  Fsen title,2
세종실록,2
divclass  Fsen conts,2
divid  div TOC Short,2
저승사자,2
510px,2
정은궐,2
다행,2
기록,6
하늘,2
베스트셀러,6
맹인,4
이름,8
강렬,2
한국 로맨스소설,2
어머니,4
화사,2
파란미디어,2
홍천기  정은궐 장편소설,2
예스24,2
열풍,2
구가,2
배필,2
도화,2
묵향,2
실존,2
인도네시아,2
뮤지컬,2
손바닥,2
영역,4
2004년,2
절세,2
외모,4
비밀,6
초기,2
붉은색,2
수필,2
문학,4
시일,2
기우제,2
화공,2
인터파크,2
기분,2
유일,2
거지,4
역사,10
웹툰,4
로맨스소설,2
중국,2
주연,2
시집,2
번역,8
애틋,2
유쾌,4
장르,4
동짓날,2
역사적,2
사후,2
기도,2
독특,2
묘사,4
두마리,2
귀환,2
김유정,2
알라딘,2
세계,8
종합,2
사실,4
인기,2
test,2
보이지가,2
사고,4
처음,4
시절,4
향내,2
전설,2
열정,4
편의,2
듣기,2
등장,6
목록,2
제외,2
그림,6
관직,2
발표,4
대만,2
인물,6
여성,4
목소리,4
일본,4
감각,2
교보문고,2
확장,2
성현,2
선정,4
출판,2
상상력,4
백미,2
국내,2
나라,8
완결,2
죽음,4
원작소설,2
방울,2
마을,2
숨바꼭질이좋,2
감정,2
그림책,2
수탉그녀석,2
표현,4
미장이,2
숨바꼭질,4
달리기가좋아,2
사랑하는당신,2
할아버지와소나무,2
숨바꼭질이좋아,2
어린이,2
계수나무,2
동물,4
단순,2
숨바꼭질이 좋아,2
책가방,2
실룩샐룩,2
한국 그림책,2
엉덩이,2
이명환,2
전공,6
서울,2
나무,2
생쥐,2
토끼풀,2
격려,2
경기도,2
마음,2
시골,2
모습,8
눈썰미,2
특징,2
콧구멍,2
포천,2
파키스탄,2
밤하늘,2
노력,2
유년,2
잡고,2
열악,2
시리즈,4
신체,2
영리,2
연못,2
상호작용,2
복수,2
두려움,4
방울이의,2
열심,2
술래,2
응용,2
성균관대학교,2
교직,2
아쉬움,2
바위섬,2
바위,2
아내,2
규칙,2
여기저기,2
시각디자인,2
설렘,2
눈동자,2
초조,2
발각,2
노랑나비,2
달빛,2
보고,2
사진,2
그레이스,2
뉴욕타임스,2
가방,2
엘레노어,2
글래머,2
팝슈,2
기차역,2
코스모폴리탄,2
도로,2
앞뒤,2
벤치,2
소녀,4
파리,4
여자,2
출근길,2
사라진 소녀들,2
팜 제노프,2
레이스,2
법학,2
훈련,4
정윤희,2
피해,2
스물다섯,2
묶음,2
호기심,2
학위,2
갈색,2
세계대전,4
영미 추리 미스터리소설,4
자동차,4
프랑스,2
홀로,2
국방부,2
남편,6
역사학,2
사이렌,2
점령,2
발탁,2
석사,2
필라델피아,2
파견,2
독일군,2
운명,2
미스터리,4
홀로코스트,2
역사소설,2
바탕,2
펜실베이니아대학,2
미국,6
폴란드,2
명의,2
거짓,2
무선통신원,2
목숨,2
집필,4
얼마,4
영국,6
전쟁터,2
소속,2
배경,4
창설,2
배신,2
충동적,2
북클럽,2
비밀요원,2
혹독,2
소리,2
메릴랜드주,2
진실,2
근교,4
프랑스어,2
바깥,2
올해,2
외교관,2
출생,2
침투,2
베스트,2
케임브리지대학,2
문제,4
영웅,4
의사,4
치료,2
호스피스,2
전문의,2
무의미,2
죽음을읽는시간,2
이유진,2
공부,4
완화의료,2
살기,2
결말,2
자살,2
맞이,2
세부,2
후회,2
만성질환,2
거울,2
필연적,2
인생,4
공포,2
하루,2
외투,2
자아,2
가능,2
다산북스,2
이별,2
소식,2
전하,2
인문 에세이,2
악몽,2
테니스,2
예측,2
병원,4
임박,2
극복,2
포부,2
윤리,2
정신과학교실,2
UCLA병원,2
통계적,2
실천,2
인체,2
정신건강,2
청년,2
백과사전,4
한국인,4
암센터,2
캘리포니아,2
사흘,2
최초,2
방문,2
생애,2
현장,6
초보자,2
프로이트,2
축제,4
디지털,2
생명,4
머스크,2
불확실,2
상실,2
크기,2
산호세,2
실리콘밸리,2
진지,4
전담,2
도움,4
자가자비,2
정신,2
일주일,2
이의,2
애도,4
일론,2
매료,2
여전,2
완치,2
인간,6
유일무이,2
레지던트,2
근무,2
대학병원,2
교수님,2
2013년,2
용기,2
예고,2
위로,4
우리나라,2
안내서,2
밴더빌트,2
삼성서울병원,2
위치,2
무게,2
걱정,2
치유,2
이틀,2
덕분,2
공유,4
헬스케어,2
로스앤젤레스,2
기술,2
재발,2
정신분석학,2
노인정신의학,2
동향,2
추리소설,2
범죄,2
완전범죄,2
에르퀼푸아로,2
이것이완전범죄,2
범인,2
아가사크리스티,2
제인마플,2
테니슨,2
로드,2
리처드,2
토머스,2
범죄사건,2
코넬,2
배심원,2
사건,2
제시,2
장난감,2
애거사,2
시계,2
별장,2
도로시,2
나이팅게일,2
이것이 완전범죄다,2
김석희,2
악마성,2
섬앤섬,2
엘러리 퀸 엮음,2
아이러니,2
빈센트,2
개의,2
도전,2
필명,2
메이슨,2
보물,2
의혹,2
반전,2
땅속,2
쥐덫,2
무죄,2
대중,4
유괴,2
데번,2
노릇,2
추리소설가,2
맹점,2
비극,2
사법제도,2
상태,2
만끽,2
흥미,4
경로,2
성악,2
반응,2
맥락,2
대령,2
주목,2
등등,2
왕실,4
상상,4
자체,4
범죄자,2
이용한,2
맥스,2
전시장,2
프레드릭,2
몸값,2
독약,2
난해,2
세익스피어,2
자가,2
최근작,2
황금기,2
고고학자,2
103개의,2
정식,2
에도가,2
환상,2
미국인,2
추리협회,2
전쟁중인,2
란포,2
런던,4
연애소설,2
이듬해,2
벌이,2
추리,2
회장,2
걸작선,2
약국,2
작위,2
수수께끼,4
공연,4
옮긴이,2
기네스,2
역이용,2
미궁,2
사냥,2
치정,2
본격,2
사망,2
대중적,2
수도,2
부유,2
판결,2
탈륨,2
명작,2
9월,4
이래,2
저택,2
목표,2
시안화물,2
2007년,2
피아노,2
창조,2
수여,2
진수,4
판매,2
자의,2
클라라,2
재미,4
입장,2
불화,2
탐욕,2
논리적,2
언어,4
영어권,2
유형,2
창작,4
트릭,2
희곡,2
욕망,4
여왕,4
고지,2
묘미,2
영원,4
밑바닥,2
밀러,2
아버지,2
지향,2
토지,2
부자의그림일기,2
만화,2
한국,2
만화가,2
오세영,2
만화광장,2
작업,4
오세영의중 단편만화문학관,2
박경리,2
원작,2
완성,2
편찬위원회,2
왜곡,4
외뿔,2
섬세,2
깨복,2
현대문학,2
오류,2
탈바가지,2
만화가오세영의교과서속큰인물이야기,2
방대,2
오세영 한국단편소설과만남,2
예술,2
충남,2
원고,2
식민지,2
저작권,2
잡지,2
5월,2
2002년,2
집필기간,2
진행,2
교수진,2
문하생,2
위대,2
재출,2
원문,2
토대,2
박명운,2
발간,2
2012년,2
리얼리즘,2
대하 서사만화,2
원고지,2
공주,2
본래,2
정본작업,2
마로니에북스,2
민족,4
대하소설,2
느낌,2
정황,2
조화,2
차례,4
생활,4
부자,2
지병,2
문화,4
훼손,2
전권,2
출판만화작가,2
2016년,2
프랑크푸르트,2
그대,2
그림일기,2
생동감,2
자료,2
우리만화,2
2018년,2
탁월,2
걸출,2
터치,2
해석,2
문하,2
자산,2
극찬,2
대표,4
가치,4
기존,2
고유,2
고바우,2
인연,2
대한민국출판만화대상,2
한겨레교육문화센터,2
수작,2
거북이북스판,2
습작,2
표제작,2
장인,2
그림쟁이,2
우수,2
부고,2
데생,2
제대,2
민중,2
풍부,2
스승,2
독립,2
냄새,2
개성적,4
스타일,2
리얼리스트,2
특유,2
작품집,2
수집,2
연재,2
대한민국만화대상,2
담배,2
지면,4
단편,2
한국만화박물관,2
구도,2
성취,2
양성,2
감동,2
근현대,2
완벽,2
선후배,2
수정,2
예술성,2
오늘,4
상처,2
판본,2
한겨레신문,2
산천,2
종합예술,2
작품성,2
상품,2
암호,2
차이나타운,2
암호클럽,2
클럽,2
할머니,2
저주,2
탐정클럽4 사라진수영장과탈출게,2
살아남은자들 다가오는어둠1-6권,2
암호클럽11 전설의황금동굴탐험,2
탐정클럽3 암흑박사와비밀연구소,2
좀비아이1-2,2
축구양말을신은의자,2
탐정클럽2 사라진발명품,2
살아남은자들1-6권,2
이어위그와마녀,2
암호클럽15 차이나타운과보름달의축제,2
암호클럽12 호피인디언의전설을찾아,2
암호클럽14 니조성의유령,2
암호클럽13 좀비의저주,2
용기의땅1부4 어둠의그림자,2
보름달,2
유령,2
뒷골목,2
외국창작동화,2
꼬마,2
루크,2
구석구석,2
벽화,2
단서,2
불길,2
모험,4
결국,2
참여,2
시간,4
페니 워너,2
윤영,2
중추절,2
골목,2
코디,2
제한,2
가람어린이,2
초대,2
월병,2
두뇌,2
메시지,2
샌프란시스코,2
에이전시,2
다수,2
서울대학교,4
엔터스코리아,2
고고미술사학과,2
졸업,2
번역가,2
앤서니,2
미학,2
애거서,2
사이비역사학,2
한국고대사와사이비역사학,2
한겨레21,2
비판,2
젊은역사학자모임,2
대상,2
학문,2
혹은,2
환단고기,2
진짜고대사,2
신라,2
분석,2
고대사,2
백제,2
김대헌,2
지칭,2
2017년,2
유지,2
주제,4
학술적,2
보완,2
가짜,2
전문적,2
동일,2
결과물,2
서해문집,2
추가,2
대중성,2
전문성,2
연재물,2
범주,2
적극,2
임나일본부설,2
유물,2
역사학과,2
이자,2
유사類似역사학,2
요서,2
흉내,2
순서,2
고대국가,2
서술,2
광개토왕비,2
해당,2
군부독재,2
전쟁,4
전성기,2
한반도,2
고조선,2
사료,2
이미지,2
선별,2
방식,2
날조,2
참고문헌,2
시기,2
안정,2
흉노,2
본령,2
활용,4
기본,4
연구,2
출처,2
연구자,2
의사擬似역사학,2
낙랑군,2
지은이,2
김씨,2
누구,4
깊이,4
직업,2
캐릭터,2
사전,2
글쓰기,2
디테일,2
분야,4
구조,2
디테일사전,2
트라우마사전,2
TheBookshelfMuse,2
감정적,2
마지막,2
핵심,2
공통점,2
지지,2
뒷받침,2
세계적,2
스테디셀러,2
히트작,2
리얼리티,2
가석방,2
스토리,2
장치,2
조언,2
대필,2
온라인,2
현업,2
동기,2
요양,2
영화,2
지망생,2
안젤라 애커만,2
부여,2
서문,2
열광,2
공감도가,2
유용,2
도서관,2
최윤영,2
요원,2
선택,2
전폭적,2
당부,2
구상,2
환기,2
블로그,2
웹소설,2
안젤라,2
등장인물,2
종사,2
중심,2
긴장,2
유발,2
정해,2
현실성,2
윌북,2
히어로,2
갈등,2
아웃도어,2
방제,2
아마존,2
잠수부,2
경호,2
소유자,2
산맥,2
작가협회,2
함양,2
기부,2
대학,2
각본가,2
서식,2
명성,2
최선,2
원스톱,2
참고서,2
운영자,2
포커,2
사용,2
김보영,2
설정,2
스토리텔링,2
실험,2
선행,2
타투,2
가이드,2
유의어,2
설립자,2
어린이책,2
인접,2
컨시어지,2
헌신,2
공동,2
참고자료,2
선사,2
이면,2
사이트,2
괴물,2
코치,2
편집자,2
강력,4
사춘기,2
가이드북,2
도우미,2
미디어,2
캐나다,2
개연성,2
전화,2
캘거리,2
사냥꾼,2
라디오,2
집약,2
앨버타,2
혁신적,2
참가자,2
회원,2
선수,2
강연자,2
록키,2
업그레이드,2
중단편의,2
바이킹,2
용의말을하는방법,2
Little Brown   Co,2
소년,2
로마인의,2
크레시다 코웰,2
판타지 매직,2
성격,2
공격,2
난폭,2
탈출,2
별명,2
또래,2
필사적,2
꼬마용,2
거리,2
실수,2
요새,2
발상,2
반쪽,2
애완용,2
기발,2
지역,2
개인,2
경제,2
지식,2
유라시아골든허브,2
사회적,2
옵션투자바이블,2
리더십,2
교양 인문학,2
교리,2
차이,2
자산운용사,2
윤영호,2
두리반,2
유목민,2
형성,2
스포츠,2
교육,2
영국인의,2
증권사,2
정치,2
관점,2
권력,2
절대적,2
세세,2
소중,2
보험회사,2
교회,2
의회,2
캐피털,2
역임,2
펀드매니저,2
높이,2
추구,2
외교학과,2
평가,2
톺아보기,2
흥망성쇠,2
요람,2
발명품,2
발휘,2
역사가,2
탄생,2
카자흐스탄,2
거주,2
지은,2
이익,2
리버스,2
로열패밀리,2
피상적,2
무덤,2
여유,2
발자취,2
공공,2
외교,2
세븐,2
판단,2
롤링,2
겸손,2
오늘날,2
과거,2
조앤,2
셰익스피어,2
