키친,2
바나나,2
시모키타자와,2
울트라맨,2
이지라이더,2
가면라이더,2
요시모토,2
일본,4
다양,2
이탈리아,2
자신,6
동네,2
여행,2
바다의뚜껑,2
암리타,2
매일이 여행,2
문학상,2
하치의마지막연,2
세계적,2
하드보일드하드럭,2
막다른골목의추억,2
스위트히어애프터,2
서커스나이트,2
불륜과남미,2
br,12
슬픈예감,2
어른,2
사우스포인트의연,2
어른이된다는것,2
도토리자매,2
사람,12
아르헨티나할머니,2
div,12
주주,2
안녕시모키타자,2
시대,10
그녀에대하,2
데이지의인생,2
N P,2
민음사,2
요시모토 바나나,2
국민작가,2
야마모토,2
베스트셀러,4
외국에세이,2
영화,2
서점,2
형태,2
인생,4
김난주,2
천사,2
옮긴이,4
세계,10
정주,2
시절,2
마이,2
분위기,2
관계,8
걱정,2
불명,2
에세이,6
영웅,4
이동,4
기묘,2
적당,2
당연,2
프랑스,2
남편,2
파격,2
당시,2
2004년,4
부부,2
모습,2
사기,2
소중,6
대학생,2
로커,2
교카,2
1999년,2
은빛마스크,2
소문,2
현장,2
여자,2
독일,2
대하,4
인상,2
국제,2
명성,4
계획,2
동질감,2
미국,6
부모님,2
지방,2
스페인,2
데뷔,2
번역,6
사랑,6
노쇠,2
신인,2
신인문학상,2
자유,4
생필품,2
2000년,2
마음,4
열대,2
스타일,4
부가,2
카이,2
가게,2
현대문학,2
대표적,2
장거리,2
아이,2
성별,2
처음,8
정착,2
수상,4
주택가,2
토박이,2
미래,2
추억,4
이래,4
카프리,2
위로,2
방식,8
개국,4
아이들,4
치유,2
매력,2
필명,2
섹시,2
생각,10
이즈미,2
주거,2
비행기,2
구원,2
국내,2
대신,4
서점대상,2
누구,2
남자,2
힌두교,4
종교,4
인도,4
불교,4
배경,6
역사적,4
의미,6
기원전,6
왜곡,4
사진,6
시기,8
사회사적,4
종교사,4
역사,6
이해,8
성격,4
문제,8
종교학,4
중세,4
유럽,6
연구,6
한국,4
인도사,4
편견,6
역사학,6
베다,4
성스러운암소신화,4
사진이묻고철학이답,4
나는본다 사진이나를자유케하는것들,4
힌두교사깊이읽기 종교학이아닌역사학,4
붓다와카메,4
근대,4
사진인문학,4
대중화,4
범주,4
서사시,4
슬픈붓다,4
침묵의이면에감추어진역사,4
신화,6
역사는핵무기보다무섭다,4
사진으로제국찍기,4
서구,4
가지,6
후기,6
문화,4
공리주의자의,4
지도,6
초기,4
통합,4
발생,6
필요성,4
힌두,4
연표,6
방법론,4
이광수,4
성립,4
명명,4
명상,4
총론,4
거의,4
카스트,4
푸른역사,4
발전,4
변화,6
지은,6
본격적,4
관용,4
세계사 일반,4
범신론,4
원천,4
요가,4
비폭력,4
낭만주의,4
개종,4
시인,4
근대사,4
대승불교,4
비평,6
실천,6
소비,4
특징,6
제자리,4
고대,4
방문,4
기록,4
저술,6
상상,4
이미지,6
최근,4
인도인의,4
참고문헌,4
만남,4
부산지역,4
정도,8
완전,4
제시,4
생계비지원,4
점화,4
과도,4
책머리,6
18세기,4
작동,6
태도,6
철학과,4
보고,4
인식,4
역사관,4
통일성,4
아시아평화인권연대,4
체계,4
가난,6
구조,6
세상,8
만원,4
행복,6
알려진,8
개설,4
개념,6
문필가,4
경험,6
시간,8
총체적,4
개혁운동,4
시크교,4
사진비평가,4
공동대표,4
아프가니스탄,4
기세棄世,4
흡수,4
집대성,4
찾아보기,8
체계화,4
오늘날,4
초월,4
교수,6
민족주의,4
강조,4
불가능,6
운영위원장,4
정치,6
차례,4
열풍,4
관점,4
연대,4
일원론,4
역사학자,4
의의,4
부회,4
의한,4
다양성,4
채색,4
유력,4
공동체,4
주목,4
단초,4
공부,4
상호관계,4
고찰,4
밀교,4
장치,4
기행,4
고려,6
속세,4
기본체계,4
충만,6
적응,4
오리엔탈리즘,4
이론,6
층위,4
사회,6
사색,4
비슈누교의,4
일부,6
사실,8
존재,6
가운데,6
형성,4
사료,6
인도인과,4
공저,4
폭력,6
교육,4
필요,10
역사학계,4
해고노동자,4
거기,6
대상,4
탈속,4
중심,4
박해,4
윤회,4
나라,6
구동,4
관심,4
개복치,2
물고기,2
이런 개복치,2
고민,2
킨더랜드,2
바다,2
이선주,2
아주,2
이런  개복치   이선주 그림책,2
소심,2
한국 그림책,2
오해,2
이번,4
아파,2
그림,6
안녕,2
거야,2
보일,2
머리,4
안전,4
그림책,2
해결,6
개의,2
생기,2
새끼,2
우스갯소리,2
무사,2
별일,2
주인공,2
나약,2
마리,2
말이,2
한번,2
마침,2
픽처북스,2
죽지,2
성체,2
생존율,2
헤게모니,2
그람시,2
옥중수고,2
퀴즈,2
독서,2
철학자,2
노동자,2
전략,2
감옥,2
소년,4
공장,2
철학,4
코끼리,2
중도파의민족주의운동과분단국가,2
다리,2
사장,2
세계화시대남북한통합의방향과과제,2
무솔리니,2
아빠,2
그람시의헤게모니론과이행전략에관한일연구,2
엄마,2
민주화이후한국사회와신자유주,2
전체를이끄는힘헤게모니를잡아,2
대중,2
자음과모음,2
정권,4
사회학,2
지지,2
김효영,2
사이,2
윤민재,2
가족,2
지배,2
외팔,2
예스,2
동의,2
동화,2
독재,2
전교생,2
방법,4
억지,2
포디즘,2
착취,2
남부,2
학위,4
금요일,2
은밀,2
풀이,2
강하,2
호수,2
부자,2
병원,2
매일,2
편지,2
연세대학교,2
출발,2
물량,2
사회발전연구소,2
밤낮,2
독재주의,2
친형,2
박사,2
설득,2
민주주의,2
연구원,2
서울대학교,4
전체,4
불평등,2
똑똑,2
석사,2
아들,2
고층,2
신문,2
계산원,2
선거,2
사회적,2
독재자,2
장악,2
황소,2
민주적,2
궁리,2
모순,2
이행전략,2
체계적,2
폭탄,2
정치가,2
노동,2
파시즘,2
아이디어,2
탄생,4
어린이,2
빈곤,2
계시,2
재직,4
아파트,2
옥중,2
경남대학교,2
중이,4
자본가,2
선동,2
다수,2
진지전이,2
원인,2
권리,2
판자촌,2
음모,4
수호천사,2
햄버거,2
피자,2
혼자,2
육체노동,2
존경,2
부정부패,2
학생회장,2
토론,2
목소리,2
극동문제연구소,2
객원연구위원,2
연구교수,2
마트,2
부잣집,2
공세,2
오름,2
의문,2
발행,2
아버지,2
선전,2
예술가,2
미술,2
초상화,2
비평가,2
예술,2
관계의미술사,2
프로이트,2
미술사,2
마네,2
드가,2
퓰리처상,2
스펙테이터 TheSpectator,2
베이컨,2
야수들의야수,2
천재,2
타임즈 TheTimes,2
이코노미스트,2
가디언 TheGuardian,2
인디펜던트 TheIndependent,2
보스턴글로브,2
마티스,2
부문,2
진실,2
오리지널스,2
시작,4
분야,2
Angle Books 앵글북스,2
친밀감,2
개성,2
서배스천 스미,2
경쟁,2
라이벌,2
피카소,2
폴록,2
저서,4
박성혜,2
순간,2
시선,2
2008년,2
자리,2
양분,2
웰즐리,2
굴복,2
영역,4
제목,4
2016년,2
14개국,2
찬사,2
무제한,2
2018년,2
탁월,4
흐름,2
주장,2
그랜트,2
용어,2
화가,2
미묘,2
영감,2
무시,2
추구,2
고양이,2
물감,2
아픔,2
일촉즉발,2
작업,4
대학,2
정립,2
해체주의자이자,2
지적,2
가면,2
재능,2
위대,2
판권,2
스토리텔링,2
전역,2
독자,4
북미,2
논픽션,2
탐구,2
웹사이트,2
친구,2
과정,2
긴장감,2
강렬,2
배신,2
창조성,2
관계인,2
애정,2
도화선,2
친분,2
유지,4
편의,2
혁명,2
매혹,2
가식,2
윌리엄스,2
역설,2
불안,2
초대,2
사방,2
활동,4
경제,2
창작,2
2011년,4
변장,2
고귀,2
영원,2
옹호,2
아마존,2
산업,2
자유분방,2
합류,2
대가,2
혼돈,2
거장,2
관찰,2
캔버스,2
계약,2
해방,2
간격,2
확고,2
입체주의자이자,2
표현,4
자체,2
친밀,2
객관적,2
맥스,2
디지털,2
변혁,2
우연,4
쓰기,4
고투,2
사조,2
명의,2
현대,2
미치광이,2
평행선,2
뿌리,2
우정,2
런던,2
포럼,2
전시실,2
브래드포드,2
참고자료,2
숙명,2
영국,2
섬세,2
소속,2
관습,2
움직임,2
상징적,2
선택,4
안간힘,2
포착,2
자세,4
경계,2
마크,2
팽팽,2
신명,2
미디어,2
모델,2
풍경,2
도판,2
내적,2
감동,2
영향,2
로스,2
놀이,2
글쓰기,4
설득력,2
전인,2
욕망,2
실생활,2
강의,2
성공,2
유방,2
진나라,2
제국,2
전국,2
이사,2
멸망,2
항우,2
초망楚亡 항우에서한신,2
진붕,2
중국,2
진시황,2
진붕秦崩 진시황에서유방,2
초망,2
형제,2
부활,2
군사,2
회왕,2
정장,2
귀족,2
전투,2
유협,2
진승,2
흐르는,2
항량,2
갈등,2
비밀,2
기풍,2
한제국의건립과유방집단 군공수익계층연구,2
진붕秦崩,2
등장,2
진나라의수수께끼 진시황을새롭게발견하,2
장량,2
출신,2
생활,2
한비자,2
초한지楚漢誌,2
베이징대,2
만력萬曆15년,2
로마인이야기,2
군대,2
로마제국흥망사,2
죽음,2
초나라,2
제나라,2
우상,2
권력,2
업무,4
유유,2
이유진,2
조카,2
균형,2
붕괴,2
영정,2
신봉,2
희수,2
직도,2
도쿄대,2
영령,2
아방궁,2
목동,2
주색가가,2
기회,2
장하,2
불신,2
사구,2
산천지리,2
게임,2
강동,2
통일,2
포위,2
배후,2
황석공,2
숙부,2
리카이위안,2
무덤,2
도망자,2
국면,2
일격,2
몽염,2
세대,2
출생,2
병부,2
착각,2
위나라,2
전조,2
모범,2
마지막,2
전날,2
장강,2
장수,2
반기,2
복국,2
여행자,2
괴통,2
신릉군,2
계승자,2
망국,2
연나라,2
진퇴양난,2
글항아리,2
평민,2
중국고대사 선사시대 진한시대,2
감응,2
부상,2
전후,2
건물,2
진붕  진시황에서 유방까지,2
정보,2
군단,2
오광,2
한나라,2
북상,2
잡다,2
신비,2
역사학과,2
천하대란,2
반격,2
집안,2
종이,2
결혼,2
민간,2
주문,2
발자취,2
패망,2
환관,2
운동,2
망탕산,2
귀속,2
방탕,2
건립,2
후예,2
내력,2
방위,2
문객,2
변사,2
옛날,2
배반,2
사악,2
화폭,2
육중,2
공존,2
승리,2
겸임연구원,2
견문,2
인문과학부,2
전쟁,2
조사,2
현지,2
간직,2
인격,2
협력,2
박사학위,2
서진,2
완역,2
2005년,2
패왕,2
충격,2
자취,2
문학박사,2
기번,2
난이,2
정지,2
졸업,4
나나미,2
달리,2
미문,2
역사서,2
내용,4
문체,2
마침표,2
육국,2
현장답사,2
2015년,2
개봉,2
폐기,2
문사철,2
깊이,2
약조,2
종합역사학과,2
한국어판,2
학계,2
정밀,2
대중적,2
풍토,2
탄복,2
후속편,2
포스트,2
여파,2
추리기법,2
목록,4
러셀,2
웅대,2
난폭,2
황제,2
부록,2
청두成都,2
대사大事,2
2010년,2
중화서국,2
중국고대사연구센터,2
투항,2
인물,2
좌절,2
선정,2
진한秦漢,2
조교,2
고뇌,2
전횡,2
서사,2
절반,2
학교,2
대표작,2
초판,2
타이완판이,2
자료,4
동시대인과,2
팽월,2
현지조사,2
항복,2
생매장,2
기교,2
에드워드,2
시대정신,2
시오노,2
흠모,2
바탕,2
흥망성쇠,2
시대풍조,2
사마천,2
교훈,2
형식,4
정신,2
한국어,2
뇌리,2
철저,2
격동기,2
패권,2
역사가,2
문헌,2
중화권,2
서문,2
쇠락,2
인정,2
동시대,2
남아,2
창건자,2
사상,2
재편,2
분명,2
빈틈,2
사사,2
웅장,2
군주,2
수천,2
인기,2
풍모,2
마찬가지,2
풍격,2
모의,2
맺음말,2
참고,2
참신,2
보강,2
주석,2
생생,2
호서好書,2
쓰촨성四川省,2
과학,2
시리즈,2
나이,2
통달,2
폭발,2
학술주석판이,2
폐막,2
교체기,2
박학다식,2
취득,2
병사,2
사학자,2
추리소설,2
남양,2
구글,2
핵심,2
스프레드시트,2
엑셀,2
함수,2
데이터,2
수식,2
파일,2
스크립트,2
사용,2
테이블,2
입력,2
드라이브,2
정렬,2
기준,2
배열,2
시트,2
자동,2
피벗,2
문서,2
권한,2
설정,2
지정,2
필터,2
계산,2
집계,2
날짜,2
서식,2
위치,2
관리,2
숫자,2
범위,2
장점,2
공동,2
버전,2
도구,2
추출,2
적용,2
추가,2
색상,2
참조,2
간단,2
복사한셀삽입,2
변환,2
저장,2
활용,2
프로세스,2
필드,2
처리,2
분석,2
외부,2
코드,2
조건,2
중복,2
정리,2
클라우드,2
복사,2
분할,2
기존,2
지각,2
합계,2
수행,2
부서별,2
이자,2
플랫폼,2
함수ㅣVLOOKUP,2
근무,2
최종,2
보안,2
항목,2
교차,2
강남석,2
기본,2
가공,2
조건부,2
편집,2
편집기,2
뚜렷,2
삭제,2
이메일,2
최신,2
글꼴,2
워크스페이스,2
실행,2
요구,2
설문지,2
문자,2
전달,2
환경,2
부서,2
텍스트,2
맞춤,2
템플릿,2
이용,2
효율적,2
계정,2
한빛미디어,2
승인,2
공백,2
속도,2
사본,2
급격,2
변경,2
내기,2
생성,2
폴더,2
다운로드,2
함수ㅣINDEX,2
감사본부,2
전송,2
소개,2
주소,2
절대적,2
구간,2
스타트업,2
출력,2
소형,2
접근,2
야근,2
증가,2
표시,2
매각자문,2
모니터링하기,2
드롭다운,2
빈약,2
함수ㅣSEARCH,2
길이,2
인사,2
함수ㅣIF,2
단축키,2
연산자,2
함수ㅣLEFT,2
함수ㅣSPARKLINE,2
이유,2
동시,2
코스닥,2
금융,2
함수ㅣTODAY,2
일치,2
모바일,2
실습,2
함수ㅣMAXIFS,2
함수ㅣSPLIT,2
만능,2
커머스,2
지급,2
함수ㅣIMPORTRANGE,2
경영학,2
2014년,2
차이,2
함수ㅣTRIM,2
함수ㅣTEXTJOIN,2
사항,2
꾸미기,2
함수ㅣUNIQUE,2
검색,2
시험,2
컨설팅,2
함수ㅣAND,2
목적,2
순위,2
안내,2
2003년,2
슬랙,2
인수실사,2
부여,2
함수ㅣYEAR,2
삼일회계법,2
테두리,2
소스,2
요청,2
함수ㅣEOMONTH,2
매크로,2
개발자,2
퇴근,2
근속월수,2
담당,2
입사일과,2
강력,2
뉴스,2
타임스탬프,2
결합,2
재고,2
버튼,2
함수ㅣREPLACE,2
수직,2
하위,2
잡기,2
메뉴,2
화면,2
함수ㅣAVERAGE,2
다중,2
함수ㅣROUND,2
실무,2
기초,2
회계사,2
함수ㅣSUM,2
그룹화,2
연결,2
핀테크,2
함수ㅣMATCH,2
공유,2
조합,2
세율,2
오늘,2
기본값,2
함수ㅣGOOGLETRANSLATE,2
제일,2
매출액,2
개입,2
표지,2
근속연수,2
네이버,2
기준일로,2
역할,2
재무,2
경영관리,2
보이,2
함수ㅣDATEDIF,2
문자열의,2
상장,2
고정,2
함수ㅣARRAYFORMULA,2
함수ㅣIMPORTHTML,2
평균,2
생년월일,2
간결,2
절차,2
횟수,2
양쪽,2
채팅,2
온라인,2
댓글,2
복잡,2
크기,2
주문번호,2
사용자,2
월말,2
함수ㅣWORKDAY,2
함수ㅣNOW,2
소수점,2
메시지,2
웹페이지,2
요약,2
쉼표,2
경우,2
진짜최종,2
함수ㅣSUBSTITUTE,2
차트,2
중괄호,2
기억,2
리스트,2
www,2
회사채,2
함수ㅣQUERY,2
본부,2
회계,2
순환,2
공문번호,2
함수ㅣFILTER,2
오류,2
외부감사,2
종속,2
함수ㅣIMAGE,2
회사,2
구축,2
함수ㅣIMPORTXML,2
메일,2
첨부,2
게시,2
레이아웃,2
바코드,2
인덱스,2
수단,2
제거,2
탈출,2
함수ㅣGOOGLEFINANCE,2
트리거,2
함수ㅣSUMIF,2
함수ㅣSORT,2
마법,2
옵션,2
여백,2
지급일이,2
손가락,2
함수ㅣDATE,2
시스템,2
알림,2
규칙,2
함수ㅣIFERROR,2
필터링,2
반올림,2
광고,2
함수ㅣMAX,2
영업,2
상품,2
