견고한 구성 탄탄한 문장 그리고 무엇보다 존엄과 품위!	0
왜 베스트셀러인지 잘은 모르겠지만 짧아서 금방 읽혔어요.	0
겨울에 읽기 좋은 책이에요. 추운 몸이 따뜻한 마음으로 힐링 됐어요.	0
좋아하는 작가에요 잘 읽겠습니다	0
문장과 문단 사이에 숨겨진 것들이 많아서 한 번 더 읽어보려구요. 마지막 책장을 덮고 박수를 쳤어요	0
이 짧지만 길게 여운이 남는 책의 아일랜드식 영어 원문을 자칫 잘못 번역 했다가는 책을 망칠 수도 있는데 원서의 느낌을 잘 살려서 적절하게 잘 번역해준 홍한별 번역가에게 감사의 인사를 하고 싶다. 이야기는 분량보다 그 속에 들어있는 독자에게 전달되는 공감할 수 있는 내용이 더 중요하다는 것을 증명해 보이는 클레어 키건의 역작 중 하나이다.	0
재미있게 잘 봤네요.	0
재미있어요 추천합니다	0
추천받아서 구매해요	0
전혀 사소하지 않고 훌륭해요	0
좋은 책. 좋은 제목을 보는 것만으로 가슴의 위안이 됩니다.	0
역시 믿고 보는 작가입니다.	0
좋은 책입니다 감사합니다	0
마지막 옮긴이의 글까지 읽고 다시 처음부터 읽어야 제대로 이 책을 읽을 것 같다. 두 번으로도 부족해 보인다. 내재된 감정을 음미할수록 서글퍼지고 읽을수록 감탄하게 된다. 작가의 다른 작품도 찾아 읽어야겠다.	0
말처럼 사소한 것들의 집합	0
결론이 명확하지 않게 끝나버림... 얇은 분량에 앞쪽에 상황 설명만 쭉 풀어 내길래 마무리를 도대체 어떻게 하려나 했더니 저러고 끝. 인터넷에 보니 결말을 알고 보면 앞쪽에 숨겨진 내용이 보인다는데 이게 무슨 다회차가 요구되는 게임도 아니고 책을 결말을 알고 다시 보라니 이건 또 무슨 강요인지 모르겠다. 더구나 그 결말이 반전이 있다던가 충격적이라던가 하는 것도 아닌데.. 원문으로 보면 단어에 숨겨진 내용이라던가 운문적인 어떤 느낌을 받을 수 있는지 모르겠지만 일단 내가 읽은 내용은 전혀 아무런 감동도 받을 수가 없었다. 새삼 베스트셀러라고 무작정 책을 사면 어떻게 되는지 깨닫게 되는 책이었다. 추가) 감성태그를 선택 안하면 글 등록이 안돼서 어쩔 수 없이 '힐링돼요'를 선택했지만 전혀 힐링돼지 않습니다.	0
감사합니다 좋아하는 작가님입니다 잘 읽겠습니다.	0
읽고 난 후 많은 생각을 하게 만드는 좋은 책입니다.	0
겨울에 읽기 좋아요. 좋아하는 작가입니다.	0
소설 읽기 초보라 외국소설은 문장이 잘 안 읽히거나 해서 어려움을 많이 느끼는데 이 책은 술술 잘 읽혔어요 한 번 더 읽어보려고 합니다 	0
2023년 가장 재밌게 읽은 책이 메리골드 마음 세탁소였고 후속작을 기다렸는데 드디어 나오네요! 이 책을 애정하는 독자기에 너무 행복합니다. 이 아름다운 이야기가 끝나지 않았다는 것이 너무너무 좋네요! 마음의 행복과 불행을 찍는 카메라로 어떤 장면을 찍어볼 지 고민이 되고 마음을 힐링을 또 가득 안겨줄 이 작품 또 만나러 갑니다. 매우 기대됩니다.	1
마음 속에 불행과 결핍 슬픔이 가득 찬 채 메리골드를 찾아온 여행객들. 그리고 그들이 들려주는 각기 다른 사연들. 그들이 들려주는 사연이 낯설지 않게 느껴진 것은 과거의 내 이야기 같기도 하고 미래에 내가 겪을지도 모르는 일 같기도 하며 우리 주변에서 실제로 일어나고 있는 현실감 가득한 이야기들이었기 때문이다. 내가 생각하는 메리골드 시리즈의 가장 큰 매력이 바로 이 부분인 것 같다. 판타지이면서도 현실감을 놓치지 않는 것. 유치할 뻔한 순간에도 현실감을 한 방울씩 가미해 우리의 공감을 이끌어 내는 것! 이것이 이 시리즈가 가진 힘이 아닌가 싶다. 아… 그래! 메리골드는 이런 곳이었지! 편안하면서도 마음을 자극하는 진한 감동. 내 이야기 같아서 울고 웃게 되는 이야기들. 힘든 시기가 지나고 나에게도 행복한 순간이 찾아오지 않을까라는 희망이 샘솟는 곳 그리고 살아갈 용기를 주는 곳!!! 이번 책을 통해 그동안 잊고 있었던 메리골드 마을의 매력을 다시 한번 느끼게 된 것 같다. 잔잔하게 흘러가는 이야기라 누군가에게는 그저 그런 이야기 일 수도 있지만 또 누군가에게는 용기가 될 따뜻한 온기 가득한 책이었다. 메리골드 마음 세탁소를 재미있게 읽은 독자라면 이번 편도 틀림없이 재미있게 읽을 수 있을 것이다.	1
메리골드 후속작 나온 것을 보자마자 구입했어요 기대됩니다	1
이번 책도 재밌게 읽었어요	1
술술 읽혀요 마음이 편해집니다	1
아직 읽어보진 않았지만 벌써부터 신남 꺄르르륵! 책 펼쳐보자 마자 나의 미래 책갈피들이 맞이해주었슴니다.. 감격	1
메리골드 시리즈 하나씩 읽어가고 있어요	1
따뜻한 위로가 필요할 때 찾게 될 책	1
마음 세탁소 마음 사진관 우리 분식 그리고 메리골드의 모든 이웃들을 당분간 잊지 못할 것 같아요.	1
작년에 읽은 책 중 가장 따뜻한 책이었습니다. 사진관에서는 또 어떤 이들의 마음을 어루만져 주실 건가요? 마법같은 일이 벌어질 사진관의 주인은 또 누구일지.. 무조건 구매입니다!	1
마음세탁소도 너무 재미있게 읽었는데 이번엔 사진관이래요!!!!! 그냥 지나칠 수 없죠. 이번에는 또 어떤 감동과 힐링을 주실련지요! 너무나 기대됩니다!	1
내일 읽을 생각하니까 신나네요 기대됩니다!	1
작가님과 메리골드 마음 세탁소를 읽고 북 콘서트를 한 지 채 한 달도 지나지 않은 날에 메리골드 마음 사진관으로 그 다음 이야기를 만나게 되어 정말 기뻐요 세탁소에서 사진관으로 이야기가 넘어가며 마무리된 의미심장함이 드디어 풀리니 재미와 흥미도 있지만 무엇보다도 공간 힐링 소설이라는 말이 잘 어울리는 것 같아요. 주인공이 아닌 다양한 인물들의 사연을 소설과 에세이의 모호한 경계를 따라 읽다 보면 어느새 나 자신을 책 속에서 발견할 수 있었어요. 읽은 뒤 감상만으로 글을 가득 채울 수 있을 정도로 감정을 건드리는 도서여서 인상깊었습니다. (내용은 직접 읽으셨으면 하는 바람으로 담지 않았어요...!) 에세이를 좋아하신다면 더욱 강하게 추천드리는 작품이에요. 마음이 지칠 때 꼭 한 번 잠시 책에서 쉬어가셨으면 좋겠습니다 어제 문득 신간을 곧 내실 예정이라는 이야기가 오랜만에 기억이 나서 오늘 찾아봤는데 마침 출간되었더라고요!! 놀라운 우연이었습니다!	1
메리골드 마음 세탁소를 봤을 땐 설정은 재미있지만 뭔가 문장이 자연스럽지 못하다는 생각이 살짝 있었어요. 그래도 마음에 남은 것이 있었으니 책 내용의 말미에 살짝 언급 된 “마음 사진관”을 기다리고 있었을지도 몰라요. 역시! 메리골드 마음 사진관이 출간된다는 소식에 반가웠어요. 그리고 가제본으로 책을 먼저 받아서 보는 기쁨을 누리기까지 했고요. 오랜만에 한 자리에 앉아서 단숨에 읽어내려간 소설이 되었습니다. 전편에 비해 훨씬 잘 넘어갔어요	1
메리골드 마음 세탁소 보다 더 뭉클했던 마음 사진관! 눈물 콧물 흘리며 한번에 다 읽어내리게 되는 책입니다. 10년 후의 내 모습을 알 수는 없지만 가슴 떨리는 저의 일을 더 열심히 할 수 있을 것 같아요. "잘했어. 너 지금까지 잘해왔고 충분히 잘하고 있고 앞으로도 너무 잘할 거야." 힐링 소설 감사합니다. 다음 권도 나오나요? 기대됩니다.	1
무사히 지난 오늘 하루가 가장 큰 행복이었다는 것을 몰랐습니다. 너무나 많은 주옥같은 말들이 많아 부족한 글솜씨로 어떻게 표현할 지 모르겠으나 책 속에 이런 말이 있더라구요. "아침을 먹으면서 점심은 뭐 먹지? 점심을 먹으면서 저녁은 또 뭘 먹을까?" 이런 고민 자체가 행복의 기운이라고 말이죠... 주부라서 그런지 매번 끼니를 챙길때마다 쓸데없이 반찬걱정을 했는데 생각해보니 우리 식구는 투정 한 번 부리지 않고 맛있게 먹어주었네요.	1
내 삶의 조각들이 보여서 더욱 와닿았다. 다 비슷하게 살아가는구나. 그리움을 안고 즐거움을 안고 슬픔을 안고 고단함을 안고 그럼에도 불구하고 오늘을 행복을 살아간다. 곁에 두고 가끔씩 들춰보고 싶은 따뜻한 위로를 주는 책.	1
힐링에 딱이에요!!	1
마음 세탁소도 재미있게 읽었는데 역시 마음이 따뜻해지는 책이에요	1
재미있게 읽어 가는중 입니다. 저도 사진 찍고 싶게 만드는 마법 같은 책인 것 같습니다.	1
덮는 것이 망설여질 정도로 안타까움과 슬픈 다정한 감정에 압도됐습니다. 이 책은 중편이고 큰 사건은 없지만 인물들의 섬세한 감정묘사와 잔잔한 절제가 주는 여운이 큰 작품이었습니다.	2
잘 봤어요	2
긴 대사나 행동의 요란한 묘사보다 간결하고 뚝뚝 끊어지는 문장으로 더 깊은 울림을 주는 느낌이라 좋았다. 장면 하나하나를 내 머릿속으로 떠올리고 구상해보는 즐거움을 주는 책이었다.	2
어떻게 읽기를 마쳤는지 잘 모르겠습니다	2
친구의 추천으로 읽게 되었는데 감동입니다	2
잘 읽어볼게요 하도 후기가 좋아서	2
문장 하나하나가 너무 아름답습니다. 짧지만 소중하네요	2
금방 읽히지만 또 읽고싶은	2
읽기 대기중인 책 추천 받았어요	2
작가의 은근한 표현이 좋은 여운이 남는 책입니다.	2
여운이 남네요 읽기 좋았습니다	2
달리기를 잘하는 소녀가 가장 잘할 수 있는 것을 마지막에 보여주는데 장면제시만으로도 마음이 힐링되는 소설이란	2
책 사고 리뷰 잘 안쓰는데 이 책은 다 읽고 나서 마음이 계속 일렁일렁 먹먹해서 덮어지질 않아 리뷰를 씁니다. 마음 먹으면 한 시간 두 시간만에 읽을 수 있는 짧은 소설인데 내용은 절대 가볍지 않아요. 절제된 문장들임에도 소녀의 시선 마음 말로 담아내기 힘든 감정 그리고 킨셀라 부부의 아이를 향한 마음과 다정함 아픔이 고스란히 다 느껴집니다. 정말 오랜만에 귀한 책을 읽어서 한동안 오래 생각날 것 같아요. 구구절절 표현하지 않아도 다 느낄 수 있다는걸 책을 통해 알았는데 저는 구구절절 리뷰를 쓰고 있네요 그만큼 작가의 문장 힘이 엄청난 책이예요.	2
추천받았는데 추천합니다	2
영화를 먼저 봤다. 말 없는 소녀가 말을 하기 전에 무슨 생각을 했는지 표정을 짓기 전까지의 감정 변화를 더 자세히 알고싶어서 책을 샀다. 보편적으로 책이 더 섬세하니 영화의 여백을 책이 설명해줄 거라고 생각했다. 영화만큼 책도 설명을 좋아하진 않는 듯 하다. '해야하는 말은 하지만 그 이상은 안 하죠"같달까. 공간이 따스함으로 채워지는 느낌일 뿐. 아저씨처럼. 이 책의 마지막 말 소녀가 반복하는 말이 주는 감동 뿐만 아니라 아빠가 아저씨에게 한 말 "제대로 돌보질 못하시는군요" 들어야 하는지 해야하는지 모르겠는 사람을 볼 때의 어색한 느낌처럼 "이 집엔 비밀은 없어. 비밀이 있는 곳에는 부끄러운 일이 있는 거야"라고 말 한 아주머니에게 결국 '절대로 절대로 말하지 않겠다'라는 말을 하고싶어 하게 되는 소녀처럼 나는 이 책이 기억하려 애쓰지만 기억나지 않아서 슬프기도 하고 기억할 수 없어 행복하기도 했던 (아주머니의 손을 잡고 있는) 소녀같다는 생각이 들었다.	2
일기 같으면서 잔잔하고 잘 읽혔어요 정말 제목과 잘 어울리는 책이에요	2
부모란 무엇인가요	2
덜어냄으로 인해 스스로 채워지게 되는 책. 따뜻하다	2
클레이 키건이라는 매혹적인 발견	2
짧지만 긴 감동이	2
두 시간 만에 1권을 다 읽었습니다. 그간 뉴스들을 통해 접한 일련의 씁쓸한 사건들이 선생님의 서슬퍼런 작가정신의 펜을 통해 재구성 되어 '니들 대체 지금 뭣들 하는 짓이냐?'라는 질문이 계속 귓가에 맴도는 듯 하였습니다. '돈은 인간의 실존이자 부조리다' '돈 돈 그놈의 돈이 대체 뭘까?' 숨 넘어가듯 1권을 읽고 나서 이제 2권을 펴들려 하니 덜컥 겁이 나네요. 과연 2권의 끝에 선생님께서는 어떤 결말을 열어두셨으려나.. 혹시 2권을 접으며 마음이 더욱 무거워지지나 않을런지.. 선생님께서는 집필 중에 많이 괴롭지는 않으셨을지..	3
만족합니다 좋아요 좋아요 좋아요	3
한강 정글만리 천년의질문 풀꽃도 꽃이다 등의 작품에 이어서 황금종이도 재미있게 읽었습니다 항상 많은 것을 느끼게 해주고 또 나를 돌아보게 만드는 조정래 작가님의 작품을 읽을 수 있음에 감사드립니다.	3
역시 너무 좋아요 추천합니다	3
작가님 책 처음 읽어보는데 술술 읽혀요	3
이분의 정체성을 아시나요? 깜짝 놀랐습니다.	3
황금만능주의로 비인간화되어가는 세상에 경종을 울리며 오늘날 가장 중요한 문제를 뼈아프게 직면시키는 조정래 작가님 소설을 보면서 인간의 천태만상. 돈의 위력과 인간의 존엄사이에서 우리는 어떻게 중심을 잡고 살아가야 하는지 ... 이 소설을 보면서 생각이 많아지고 재미있게 읽었습니다. 한편의 드라마를 본듯한 실화느낌이라고 더 생동감있고 인간의 여러 면을 책으로 보는 것이 너무 신선했습니다.	3
덕분에 편한 시간 보냈습니다	3
힐링되네요 만족합니다	3
생각하게 하는 의미와 재미를 주는 책입니다	3
최고입니다 정말 좋았어요	3
황금종이에 얽힌 이야기 전개되네	3
요즘 돈에 대해 많은 생각을 하던 중에 좋아하는 작가의 책이라 구매하게 되었습니다. 공감되는 부분이 많기는 했으나 여운이 많이 남거나 신선한 충격같은 건 없이 전반적으로 평이하다는 생각입니다.	3
황금종이 재미있어요	3
재미있고 시간 가는 줄 모르고 잘 읽었습니다	3
아버지 부탁으로 주문했습니다.	3
1권 2권 순식간에 읽어버렸어요. 읽다가 웃음 픽! 나는 장면도 있고 읽고나서 마음 찡한 장면도 있습니다. 우리 부모님을 생각하게 되고 돈에 욕심내는 내 자신도 보게 되었네요 좋은 작품 잘 읽었습니다.	3
돈은 인간의 실존이자 부조리다!	3
도움이 됩니다.	3
'돈'을 키워드로 하여 각양각색의 인물들이 펼쳐 나가는 여러 에피소드를 담아낸 소설입니다. 조정래 작가 특유의 간결한 문체로 쓰여 있어 금세 읽힙니다. 돈에 휘둘리고 돈에 눈이 멀어 비인간적인 행동도 서슴지 않는 등장인물들의 모습을 보면서 혹시 나도 이러고 있지는 않을까 하며 스스로의 내면을 돌아보게 되는 유익한 책입니다.	3
돈의 위력 앞에 인간성을 상실해가는 사람들의 다양한 모습이 적나라하다. 황금만능주의에 빠져 있는 이 사회에 경종을 울리는 소설이다. 다만 여러 사람들의 이야기가 두서 없이 진행되다 보니 장편 소설이 아닌 옴니버스 단편 느낌이 든다.	4
도움이 됩니다.	4
재미있고 좋아요 추천합니다	4
최고예요 공감돼요 재밌어요	4
돈을 키워드로 하여 각양각색의 인물들이 펼쳐 나가는 여러 에피소드를 담아낸 소설입니다. 조정래 작가 특유의 간결한 문체로 쓰여 있어 금세 읽힙니다. 돈에 휘둘리고 돈에 눈이 멀어 비인간적인 행동도 서슴치 않는 등장인물들의 모습을 보면서 혹시 나도 이러고 있지는 않을까 하며 스스로를 돌아보게 되는 유익한 책입니다.	4
황금종이 잘 읽었습니다.	4
역시 최고예요 넘 좋아요	4
시간 순식간에 지나가는 재밌고 좋은 책입니다.	4
시간 가는 줄 모르고 읽었어요	4
돈돈돈... 무섭지만 현실인걸...	4
돈이 과연 인간에게 무엇인가 다시 생각하게 하네요	4
조정래만으로 만족합니다.	4
1권 읽자마자 바로 구입 했어요.	4
돈 앞에서 무너지는 인간의 다양한 모습을 보았다. 나는 결코 그들과 다를 것이라고 자신할 수 없다.	4
늘 믿고 읽는 작가의 책	4
조정래 작가님의 신간 잘 읽었습니다.	4
최근 본 소설중에 가장 좋아요.	4
편하게 읽을 수 있는 도서입니다.	4
재미있게 읽었습니다	4
아직 못 읽었어요 태백산맥의 감동과 재미를 기대해봅니다	4
유명하고 잘 읽힌다해서 읽어봤는데 작가님 문체가 쉽게 잘읽혔고 매사 인생이 조용한 적 없는 나날이라 삶이 피곤하다 생각했는데 이 또한 경험이고 이런 여러 경험을 하고 살아갈 수 있는 게 감사하다는 생각을 하게 되었어요.	5
스테디셀러란 이런 것 이다	5
최고의 책입니다. 인생 책	5
인생 책 추천이라고 지인께 들었습니다 맞네요	5
요즘 양귀자 작가님 책만 읽고 있어요	5
깊이 생각해보게 돼요	5
명작은 시대를 논하지 않는다	5
말해 뭐합니까 양귀자 작가님 책입니다..정말 재밌게 읽었습니다 슬프기도 했고 우울하기도 했지만 더 깊은 감정을 느끼게 해준 책입니다	5
가벼운 힐링물만 요즘 들어 읽다가 몇 년 만에 다시 읽었네요. 문장을 자꾸 되새기게 됩니다. 문장하나 단어 하나도 가볍게 읽히지 않습니다. 그러면서도 술술 읽힙니다. 슬픈 현실이 슬프게 느껴지지 않는 마법을 거셨나봅니다. 음. . . 전체적인 느낌은 가슴에 서늘한 가을바람 지나는거 같습니다.	5
제 인생책이에요 너무 좋아요 다시 읽을 책입니다	5
"이런 글을 쓰고 천천히 읽어주길 바랐다는 작가의 말이 모순이다.
안진진 어떤 선택을 하든 행복하고 불행하길 그리고 다시 행복하길 바란다."	5
삶에 대한 생각을 되돌아 보게 하는 소설입니다.	5
재미있게 잘 읽었습니다	5
문장 하나 하나를 읽어갈수록 작가가 문장 문장을 잘 준비해 주었구나 하는 잘 대접받는 느낌으로 소설을 읽을 수 있었다.	5
제 인생 도서입니다. 삶의 방향에 대해 고민하게 돼요.	5
한 문장 한 문장 너무 소중한 책 이예요. 오랜 시간이 지나 읽어도 그 감동이 그대로네요.	5
제목이 심플해서 구입했어요	5
스테디셀러는 이유가 있다고 생각하는데 지금 읽어도 참 좋은 작품입니다	5
잘 읽었습니다.	5
좋습니다.	5
반일은 좋지만 하루키는 못잃는 반도 사람들	6
하루키 팬이지만… 백 페이지까지 읽어도 스토리 몰입이 안 되는 경우는 이 책이 처음이네요..아쉽습니다ㅏ	6
"최악이다. 이런 소설도 있구나 가르쳐 주어 고맙다고 했다. 감성태그를 굳이 선택한다고 해서..
리뷰를 보면 읽어보지도 않고 기대된다고..
최고점수를 주는 이 불합리 이 알바 댓글부대
그것을 상업적으로 이용하는 교보..반성해야한다.전혀 권하고 싶지않은 책이다. 리뷰에 속지마라"	6
책 49페이지 상단에 "그들이 꿈을 잦기 시작한다" 라고 써있는데 "잣기"가 아니라 "찾기" 아닌가요?	6
오랜 시간 책장에 고이 간직해온 낡은 그만의 책들 사이 황량한 땅에 겨우내 피어오른 초록잎 다루듯 또다시 오래 간직할 책 하나 피어오른 것 같아 반갑기만하다. 오랜만에 책장을 닦아본다.	6
이번 책은 별로네요	6
다시는 하루키 책을 읽지 않겠다고 다짐함 왜 2.5점이 최소점이지. 감성태그도 넣고 싶은 태그 1도 없음	6
"무라카미 하루키'이름만으로 구입해 읽었는데 많이 실망이었다.
본인도 미안한감이 있었을까?...
작중 가르시아 마르케스 를 인용하면서 매직리얼리즘 운운한걸 보면..
마지막 본인의 해설을 사과로 이해하고 읽었다"	6
내용(줄거리 또는 재미)보다 저자의 명성을 파는 소설이다.	6
"무라카미 하루키 문학의 최고봉!
당신은 남들보다 일찍 그 산을 오르고 싶지
않으십니까?"	6
개노잼이요 하루키 맞나 싶은데	6
"무라카미 하루키의 소설을 매우 좋아한다.
그의 환상적이면서도 몽환적인 느낌 긴장감 있는 스타일 흡입력 있는 문체가 항상 나를 사로잡았었다.
하지만 [도시와 그 불확실한 벽]은 조금 달랐다. 환상적이면서도 꿈을 꾸는 듯한 몽환적인 느낌은 그대로이나 긴장감이 다소 부족했다. 기존에는 스릴러 소설을 읽는 듯한 박진감이 있었으나 이번 소설에서는 그러한 느낌이 별로 없었다. 아무래도 벽에 둘러싸인 도시의 모습을 [세계의 끝과 하드보일드 원더랜드]에서 이미 보았기에 신선함이 떨어져기 그런것 같다.
새로운 소설에서는 새로운 감정을 원하는데 익숙한 소재가 다시 쓰이면 그 감이 떨어져 아쉬울 수 밖에 없다.
그래도 무라카미 하루키의 소설은 재미있다. 작가가 뜻하는 바를 정확히 캐치하기는 어렵지만 글 자체가 주는 힘을 고스란히 느낄 수 있다. 그래서 그의 소설은 언제나 기다려진다."	6
"신나는 일 하나 없는 일상에
가슴 두근거리는 이벤트 중에 하나입니다.
한 달도 기다렸는데 하루가 왜케 긴지 "	6
기대되는 하루키 소설 목 빠지게 책이 도착하기를 기다리고 있습니다.	6
사람의 상상력은 무한하다. 어떻게 저런 상상을 할까 .. 감탄하며 보았습니다. 다른 책과는 좀 다르게 힐링적인 느낌도 있고 여전히 그 어마어마한 필력과 지식으로 상상력을 표현해내는 것에 찬사를 보냅니다.	6
이 책 아주 재미있다.	6
이건 진짜 ;;;; 몰입이 안돼요 하루키에게서 멀어지는 느낌입니다. 하..... 이건 진짜 아닙니다.... 이런 책도 있다는 것을 깨닫게 해주어서 너무 고맙습니다....	6
"약간 신비한 사건들 섹스 감성팔이 등으로 도식화되어 버린 하루키를 아직도 읽는다는 건 독자들의 독서량이 얼마이든 조금도 깊어지고 성숙되지 못한 채 과시용 인스타 사진 정도로 독서를 이용중이라는 방증
노벨 문학상으로 선정되지 못 하는건 의외가 아닌 당연"	6
내일 일본 가는 비행기에서 읽으면서 갈 거에요.	6
오래 기다린만큼 기대하고 있습니다	6
"최고의 작가에게 이상한 리뷰가 올라와있는데 그대로 놔둬도 되는건지 궁금하네요.
매번 똑같은 말을 반복해서 올리시는 분"	7
"아무런 배경음악도 깔지 않고 오롯이 활자와 나만 남은 고요 속에서 읽고 싶은 책.

그렇게 이야기 속으로 빨려 들어갔다 끝맺음과 함께 잠시 멍하게 된다."	7
밝음밤으로 만난 작가님. 이렇게 좋은 글을 또 만날 수 있어서 좋아요. 사람에 대한 솔직한 감정과 성찰들이 마음 속 깊이 남아요.	7
작가의 섬세한 터치가 문장 하나하나에 느껴져 온다.	7
최고입니다. 추천하고 싶은 도서입니다	7
재미있게 읽었습니다.	7
믿고 읽는 최은영 작가. 다 읽는 게 아까워요.	7
최은영 작가님은 제가 가장 애정하는 작가님입니다. 역시나 이번 신작도 너무 좋았습니다. 최은영 작가님 책을 읽고 있으면 제 마음 속에만 맴돌던 감정들이 언어화됩니다. 다른 소설과는 달리 역동적인 사건들이 벌어지지는 않지만 정적인 상황 속에 있는 인물들의 감정들을 섬세하게 묘사하는 문장들을 보고 있으면 제가 치유받는 기분이 듭니다. 그리고 어떤 사건을 적극적으로 해결하려하고 풀어가려는 내용이 아닌 그저 흘러가는 인물들의 감정들을 바라보고 그 안에서 작가님만의 시선을 덧붙임으로써 새로운 시각에서 다양한 인물들의 감정을 느낄 수 있습니다.	7
담담하게 써내려간 글들이 마음에 오래 박혀 여운이 남는 책입니다	7
최은영 작가의 책을 기다리고 있었습니다. 당장 구매해서 읽겠습니다.	7
최은영 소설 좋아해요.	7
제가 가장 좋아하는 작가님. 작가님의 신간이라 바로 구매했지요. 쇼코의 미소를 몇 번씩 읽으며 작가님 신간을 기다려왔는데 이렇게 딱 .. 감사합니다	7
기대됩니다. 전작들을 재미있게 읽었어요.	7
믿고보는 작가님.. 이번에도 기대되는 책입니다	7
오랜만에 나오네요! 정말 기대됩니다.	7
재밌게 잘 봤습니다	7
섬세한 언어표현이 좋아요	7
최은영 작가님의 문체는 언제나 마음을 울리는 좋은 문체입니다	7
믿고 보는 최은영의 소설들	7
"항상 기대하게 만드는 최은영 작가님의 글
작가님께서 해주시는 한 글귀 한 글귀가 저에게는 빛이 되었습니다.
지칠 때 처음 최은영 작가님의 책을 봤고 그 뒤로 쭉 보고 있습니다 
내용 안의 단편소설도 너무 좋았습니다!!
아주 희미한 빛이 선명해져가는 기분 !!"	7
삶은 만들어가는 것인가 내가 그려내는 것인가. 진실과 거짓은 종이 한 장 차이와도 같다.	8
생각보다 잘 읽힙니다.	8
월스트리트를 배경으로 한 전설적인 성공을 거둔 베벨 부부에 대해 네 가지 시선으로 기록된 삶. 흥미 진진!! 다만 연관성 없고 상관관계 없는 한국 작가라는 인간 두 명이 쓰잘데기 없이 추천서 달아놔서 별점 마이너스	8
올해 읽은 책 중 최고. 과연 진실이란 무엇인지 진정한 진실을 바라보는게 가능한 일일지 생각해보게 합니다. 역사도 회고록도 자서전도 다 각자의 시선에서 쓴 기록이라는 사실을 알아야 한다고 말해주는 이야기같네요	8
"어떤 것을 믿을 것인가 " 그것에 관한 이야기입니다. 이야기 하나는 벤저민과 헬렌의 이야기입니다. 천성이 외로웠던 이들은 부부가 되어 잘 살았다.. 라고 말하면 좋겠지만 돈을 어마어마하게 잘 벌었던 벤저민은 자신만의 방식으로 헬렌을 사랑하지만 헬렌은 아마도 유전이 되는 병인듯한 병으로 인해 많이 아프게 됩니다. 그걸 지켜보는 벤저민은 헬렌이 자신에게 눈을 주지 않자 괴롭기만 한데요. 보통 이 정도라면 우리가 그려가게 되는 아프고 절절한 광경이 있을겁니다. 하지만 생각과 좀 다르게 그려집니다. 그들의 성향때문일수도 있겠습니다만 비극적인 결말도 담담하게 받아들이게 됩니다.	8
흥미진진한 전개. 인물이 입체적임!!	8
엄청 핫한 책이어서 궁금해서 사봤어요	8
아직 읽어보지 못했지만 기대 중입니다!	8
재미있게 잘 읽었습니다.	8
삶의 가치에 대해 다시 한 번 생각하게 하는 책이다	8
다 읽고 다시 리뷰 남겨요. 인상적인 스토리텔링입니다. 오랜만에 흥미롭게 읽은 소설이에요	8
이동진 추천도서라 구매했는데 잘 샀다는 생각이 듭니다. 너무 재밌어 여러 번 반복하여 읽게될 것 같습니다.	8
트러스트 에르난디아스	8
내용은 재미있는데… 번역이 확 와닿게 읽히지 않아요.	8
믿고 보는 이동진 장강명 추천도서	8
새로운 시각이 흥미로워요	8
진짜 숨 안 쉬면서 봤어요.	8
잘 읽어 보겠습니다.	8
번역이 안 읽혀져요. 이게 정녕 국어인가	8
4부작을 나뉜 각각의 시선들이 재밌어요	8
"책에 하자가 있네요
반품이나 환불은 하지않겠습니다
가치없는 책이란 없습니다"	9
하루키를 모방한 가짜 광기	9
"며칠 어쩌면 몇 달 간은 마음 한켠이 저릴 것 같아요
작가님 식목일에 나무 많이 심으셔요.. 휴지를 엄청 썼어요… 감사하고 사랑합니다 행복하세요"	9
"하도 유명하고 베스트셀러에도 있길래 제목도 궁금해서 본건데..
100페이지까지 읽는데도 힘들어서 그냥 포기하고 팔았습니다. 정말 취향 아니었음."	9
앉은 자리에서 한번에 다 읽었습니다	9
우리 집에 최진영 작가님 광팬이 살아요	9
"딸이 최진영 작가님 광팬이라 리커버기념으로 사서 선물하나
좋아서 어쩔 줄 모르네요"	9
희망은 왜 나쁜것을 모아두는 그 항아리 안에 있었을까.	9
궁금해서 사봤어요!	9
예쁜 표지로 새롭게 다시읽은 책	9
읽고 싶었던 책 잘 읽었어요 좋았어요…	9
"연애소설책 베스트셀러 최진영 구의 증명은
저자의 책 중 가장 인기가 많은 한국소설이다.
연인의 죽음으로 겪게 되는 상실과 애도
죽음에 관하여 생각하게 하는 추천 책이다.
설정은 잔인하고 충격적인 소설이지만
구의 증명 책 내용이 전해주는 의미를
느끼면서 읽는다면 조금은 더 이해할 수 있을 것이다."	9
구의 증명 잘 읽었습니다.	9
생각보다 재밌네요	9
재밌게 잘 봤습니다	9
사랑의 모양은 정말이지 한 가지로 아니 수백 개로도 정의할 수 없을 만큼 다양하다.	9
사랑의 모양은 다양하다. 지독한 사랑이자 서로에게 구원의 사랑의 모양. 모두 공감할 수는 없지만 이런 사랑도 있다는 걸 알게 되었다	9
기대됩니다. 잘 읽어보겠습니다	9
인간이 행할 수 있는 가장 최대에 사랑은 무엇인지 생각해보게됩니다. 내용은 여운남고 좋았으나 작가가 표현하는 문체의 한계가 느껴집니다. 그래도 어렵지 않게 잘 읽었습니다.	9
최진영 작가 책을 여러 권 읽어봤는데 구의 증명이 가장 무겁고 어둡네요...	9
어디서 본 문장에 어디서 본 슬픔과 어디서 본 위로를 앞뒤가 안맞게 늘어놓고 세탁기에 넣으면 완성	10
백화점 편의점 서점을 잇는 힐링소설이라고 써 있는 띄지의 문구와 다르게 재미 요소가 많은 책은 아니다. 진중하고 심각한 느낌이 더 많다. 해서 어린 아이들이나 머리를 식히기 위해 소설을 읽는 성인들에게는 추천하기 어려울 듯 하다. (인문학이나 철학을 소설이란 매개체를 통해 쉽게 접근하고 싶은 분들께 추천한다.)	10
베스트에 올라오는 힐링소설은 대부분 다 읽어봤는데 이게 왜 베스트에 있는지 이해가 안가네요. 다들 마케팅에 속지 마시길. 시작부터 개연성이 없고 이야기마다 설정도 작가 입맛대로 끼워맞춰서 읽기가 너무 거북해요. 예를 들어 가난한 가정의 자녀가 성공했더니 자상했던 부모가 갑자기 돈에 미친 냉혈한이 되는 등 이야기에 집중이 안돼요.	10
따뜻한 문장들이 좋네요.	10
시간가는 줄 모르고 읽게 되네요	10
좋은 책 인것 같습니다 잘 읽겠습니다	10
생각만 했던 마음 세탁..덕분에 개운해졌어요.이런 세탁소가 정말 있으면 좋겠어요.	10
"따뜻한 봄날 제 마음도 따뜻하게 위로해주네요

좋은 책 너무 감사합니다!!"	10
재미있게 읽었습니다.	10
감동으로 힐링받고 싶어 구매하게 된 책	10
재밌게 잘 읽었어요	10
저도 이런 세탁소에 가고 싶어요	10
마음이 정말 힘든 시기에 읽었는데 펑펑 운 건 아니지만 마음이 먹먹해지는 순간도 있었고 무엇보다도 큰 위로를 받았습니다.	10
힐링되네요 추천합니다	10
마음에 와 닿는 책입니다. 따뜻하네요. 막힘없이 읽혀서 좋아요.	10
잘 읽어보겠습니다..	10
요즘 마음이 힘든데 잘 읽겠습니다!	10
힐링되는 책내용입니다. 요즘 마음이 싱숭생숭해 이런류의 소설이나 에세이 읽고 있는데 강력 추천드립니다.	10
메리골드 마음 세탁소 재밌네요	10
잘 읽을게요. 감사합니다	10
"작가의 편지가 들어있다기에 주문했는데 아뿔싸. 나는 너무도 늦었다. 1판 2쇄가 수중에 들어왔다. 그러나 소설 자체가 주는 감동과 배움이 있어서 그 아쉬움은 고이 접어두기로 한다.
독서의 순간이 인물모드로 찍힌 사진을 보고 알아채고 이해하려는 순간 같았다. 초점이 맞춰진 선명한 부분들이 잠시 흐릿했던 배경과 만나고 그 배경들을 이해하고 다시 선명한 서술로 돌아오면 색다른 의미가 형성되어 있다. 페이지는 적지만 작가가 음미하고 포착한 인물과 세상의 깊이가 심오해서 주의깊게 읽게 된다. 문장을 인간을 인생을 세상을 나는 얼마나 공들여 인식하고 있는지."	11
처음 읽는 작가의 글. 독자에게 주는 글을 읽고 "어느 시절을 살아 내게 해준 힘이 다음 시절을 살아 낼 힘으로 자연스레 연결되지 않는다"라는 말에 크게 공감이 되어 책을 읽어보게 되었습니다.	11
권여선 작가님 글 좋아해서 신간도 구매했습니다. 역시 좋네요!	11
"가장 좋아하는 작가 중 한 분이라 반사적으로 구매!
보통 책의 겉면에 작가의 말과 사인 등이 있는건 많이 봤는데 이렇게 엽서 형식으로 있는건 처음이네요! 엽서가 고급진데 손글씨 내용까지 좋아 감동을 덤으로 얻네요!"	11
나는 어떻게 이렇게 되었나	11
권여선 작가님의 책은 정말 말이 필요없어요 깊고 짙은 공감과 울림이 있습니다	11
권여선 작가님 신간이라 구매합니다	11
너무 좋아서 눈물이 나네요	11
"믿고보는 작가
이번엔 소설가들이 뽑은 작가로"	11
좋은 책 감사히 잘 읽었습니다. 감사합니다.	11
"엄청나게 평범해서 평범하지 않다.
일상적인 장면을 포착해내는 날카로움이 대단하다."	11
정말 잘 샀다고 생각한 책	11
나이들어 과거의 시간을 되돌아보면 후회 아쉬움 이런 감정이 들기 마련인데 이런 감정을 부정하지 않고 그때는 그럴 수밖에 없지 않나 그때의 감정들은 그때 견디기 위해 필요하지 않았나 싶다.	11
단편집인데 호불호가 있을 듯	11
기억에 관한 단편들이 마음에 와 닿는다.	11
소설가들이 뽑은 소설이라 해서 구매! 기대되네요	11
소설가들이 뽑았다기에 구매해봄	11
많이 기대되는 책입니다	11
최근 읽었던 책 중에서 가장 오랜 여운이 남는 책이었어요. 정말 최고입니다.	11
다시는 이 따위를 소설이라고 쓰지마세요. 종이를 무시하는 천한 생각입니다	11
"코로나로 휴가 가지도 못하구 집에서 지내는 저에게
가볍게 선물하는 마음으로 산 책인데요.
오자마자 한번에 다 읽어버렸네요..재밌고 감동도 있고
웃다가 울다가 아하하는 순간 다 읽어버렸지 뭐예요..
3일 휴가 동안 아껴서 읽으려고 한 건데..
작가님의 다른 책도 호기심이 생겼어요..휴가 끝나기전에 하나 더 봐야겠어요..
추천추천요.."	12
재미와 감동을 동시에 주는 책입니다. 꾸미지 않은 일상의 삶을 그대로 옮겨놓았지만 우리가 생각해보지 못하고 지나쳤던 소소한 삶의 문제들을 아무렇지 않게 하지만 깊이있게 짚어주는 책입니다. 마지막 부분을 읽으면서는 저도 울었어요. 아마 다들 그러실 듯.	12
와 밤새 한 번만에 읽어버렸어요 쌍둥이 아빠 초콜릿 이야기에서는 눈물 펑펑 흘렸네요 작가님이 마음이 따뜻하신 분 같아요. 이전 작 망원동브라더스도 한 번 읽어보려고 합니다.	12
정말 잘 읽혀요... 재미와 감동이 있어요.. 우리 세상살이 이야기이지만 판타지에 가까운 이야기이지요... 그래서 더 가볍게 잘 읽을 수 있었어요.. 책 내용에 한 부분처럼 정말 연극이나 드라마로 나오면 좋겠어요	12
우리 주변의 보통 사람들 이야기라 정감가네요. 잡고 펴면 금세 다 읽게됨	12
"독고라는 남자의 변화를
이끌어 낸 염 여사를 보며
이 시대의 필요한 인간상이 아닐까…"	12
"리뷰보고 선택했는데 진짜 리뷰 그대로!! 앉은 자리에서 다 읽히고 마음이 너무 따뜻해지는 스토리였어요 웃다가 울다가 감동으로 닭살이 돋더라구요
정말..따뜻한 마음으로 살아야겠다..싶었네요. 선한 영향력의 힘이 너무 감동적이었어요*"	12
가독성이 좋고 내용이 순하고 따뜻해서 기분좋게 읽을 수 있습니다. 저희 동네 편의점에서 독고씨를 만나게 되면 스스럼없이 옥수수 수염차를 나눠 마실 수 있을 것 같다는 생각이 불현듯!!	12
"책 받고 6시간 집중해서 다 읽었습니다
내용이나 글귀가 어렵지않아 쭉쭉 잘 읽히더라구요
일상적이지만 그렇지 않은
주변에 있을 법하지만 그렇지 않은
소재들이 친근해서 더 쉽게 읽은거같아요
개인적으로 참.. 감정 기복 심하게 읽어서
몇 번을 울었는지 모르겠네요
어찌보면 각박하고 외로운 세상.. 마음의 위로와 감동받았습니다
감사합니다!"	12
"표지도 윈터 에디션이라서 예뻐요!
짧게 줄거리 나온 거 보고 내용이 재밌어 보여서 샀어요!
잘 읽을게요!"	12
쉽게 읽혀서 좋았어요 연말에 더 어울리는 내용이에요	12
"책에 대해 아무것도 모른 상태에서 장바구니에 넣고
주문 후 배송상태를 확인하다가
미리보기를 보니 진짜 다른 분들 말씀처럼 드라마나 영화같은 걸로 나와도
참 재미있을 거 같아요

미리보기보다가 끊겨서 서운한건 처음이네요
책이 빨리 도착했으면 좋겠어요

좋은책 감사합니다."	12
"살아남기 위해 세상의 기준에 맞추려고
애를 쓰다 지쳐 쓰러진 사람들

남의 감정보다 내 감정이 우선이며
받아들이지 않는 자는 내치다가
고독에 갇힌 사람들

경청과 공감으로
내민 따뜻한 손길에
힘을 얻어
다시 또 살아가는 사람들

재밌다
눈물이 찔끔 난다"	12
감명 깊게 잘 읽었습니다	12
아들이 읽어보고 싶다고 주문했습니다	12
"배송이 꼼꼼해서 좋았어요
책을 펴고 단숨에 읽었네요"	12
재미와 감동이 있어 너무 좋았네요.	12
한 장 한 장 넘길 때마다 다음 이야기가 궁금해집니다	12
각자 인물별로 살아가는 내용들이 공감되도 힐링됩니다	12
아이가 너무 좋아합니다.	12
시간이 아깝지는 않다. 내 취향을 더 명확하게 알았다. 이런 책을 기분 나쁘게 느끼는 내 '문학적 무지'에 다행스러움을 느꼈다. 하지만 혹시 읽어보지 않았다면 한번쯤은 읽어 보기를 추천한다. 읽어보고 좋아하지 않는 것과 읽어보지 않고 좋아하지 않는 것은 큰 차이가 있다. 왜 좋아하지 않는지를 한 번 쯤은 자문해 보는 것이 중요하다.	13
제대로 살고 싶었던 서투른 인간의 고백.	13
중학생 아이가 읽고싶대서 주문..뭐라도 읽어라	13
인간을 증오하면서도 결국은 인간을 연민하게 되는. 양가적인 감정을 느끼게 하는 책.	13
요조가 될 것인가 홀필드가 될 것인가 선택하라	13
주인공의 고뇌가 책을 넘어 진동함.	13
마음에 들어요	13
우울해지는 책!	13
추천합니다	13
참 좋아요	13
구매 추천합니다.	13
상실에 대한 깊은 고민	13
인간군상 중 하나에 대한 생각이 흥미롭다	13
추천은 안함. 솔직히 왜 명작인지도 모르겠는 작품. 필력은 좋을지 몰라도 그저 자신에게 취한 모습만 보이는 책이었다.	13
돈 떨어지는 날이 인연 끊어지는 날	13
그 시절을 살았던 젊은이로서의 고뇌가 솔직하게 담겼다	13
읽는 내내 기분이 좋진 않았어요..	13
복잡한 감정이 들었던 작품	13
인간다움이 무엇인지 생각하게끔 하는 책	13
인간실격인데 나랑 비슷한 부분이 많아서 어쩌지..하다가 사람으로 살기로 했습니다.	13
소년이 온다와는 또 다른 빛깔로 깨달음을 줍니다. 채식주의자가 충격적이고 슬펐고 소년이온다가 고통스러웠다면 이 책은 작가의 말처럼 먹먹하고 가슴저린 지극한 사랑에 대한 이야기로 할 말을 잃게 만듭니다. '처절한 역사에 대한 기록'이라는 역사를 소재로 한 책들의 한계를 뛰어넘어서 같이 아파한다는 것이 무엇인지 우리는 어떻게 느끼고 있는지를 돌아보게 합니다. 제게는 아주 훌륭한 책이었습니다. 놓지 못하고 읽었습니다. 마지막 책장을 덮으면서 이 책이 사랑에 대한 이야기였음을 말하는 작가의 말을 울면서 읽었습니다. 제게는 참으로 그랬습니다.	14
"책을 덮으면서 지극한 사랑에 대한 소설이라는 작가의 말에 고개를 끄덕였다. 그 말처럼 곳곳에서 연약하고 소중한 생명들에 대한 사랑이 느껴지는 책이었다. 비극적인 역사적 사건이 남긴 아픔과 트라우마 그리고 그것들이 어떻게 다음 세대로 이어지는지 어떻게 당사자의 것만이 아닌 그 사회의 아픔이 되는지를 생각해보게 된 것 같다.
또한 한강 작가의 책을 읽을 때 내 모국어가 한국어임에 감사해진다. 이번 작품도 생생하고 아름답고 시적인 그러면서도 명료하고 정확한 문장들로 채워져 있었다."	14
글을 써주어서 고마운 작가. 건강하시기를 바랍니다.	14
작가의 성숙한 의식과 단정하고 묵직하면서도 정갈한 문체로 쓰인 작품이다. '소년이 온다' 를 쓴 이후의 사색이랄까.... 여튼 꿈과 현실의 대비와 비교에 의한 의식탐구의 노력이 소설 속에서 빛나는 것 같다. 작가의 근본적인 우울함? 이랄까 그 처연함이 늘 마음을 끈다.	14
어떤 이야기는 작가를 선택한다 그렇기에 작가는 자신을 찾아온 이야기에 귀를 기울인다. 자신의 귀를 자를 듯한 섬뜩함을 느끼지만 멈출 수 없다.	14
어쩜 한강 작가님 책은 찰나의 순간 드는 생각을 잘 표현하실까 싶다. 그때의 여러 감정이 교차하는 순간까지 읽는 내가 행복해진다	14
작가의 엄중함과 처연함 단정하면서도 묵직한 글의 힘이 느껴지는 작품이다. 살면서 만나게 되는 다양한 이별과 그 이별들 중 단연 죽음이 갈라놓는 이별에 대한 심오한 고찰이 돋보이는 작품이다. 작가는 우리의 기대에 실망을 주지 않는다.	14
"솔직히 너무 실망했습니다. 소설이 아니라 시사 월간지에 실릴 법한 기사 같네요. 그것도 프리랜서 기자가 제대로 취재 안 하고 쓴...
맨부커상 작가의 작품이라기엔 부끄러운 수준입니다. 채식주의자를 기대하고 책을 산 독자들의 금전적 시간적 손해에 사죄하시기 바랍니다."	14
저에겐 편하고 쉽게 읽히는 책은 아니었어요..그렇지만 책을 다 읽고 난 뒤 긴 감정의 여운이 전 좋았습니다.	14
이 소설은 어처구니 없고 잔혹한 역사의 소용돌이에 휘말려 처참하게 학살당한 무고한 피해자와 피해자 자손들의 트라우마를 매우 섬세한 터치로 상기시킨다. 진혼되지 않는 영혼들에 대한 작가의 무한한 연민과 사랑이 전해진다. 그러나 너무 읽기 힘들다. 눈바람 나무 새 촛불 그림자 등 파편화된 세밀한 묘사들이 너무나 한없이 반복되고 길게 이어진다. 그 모든 게 작품의 이미지 형성에 기여하겠지만 인내심 없는 독자들에게는 매력으로 다가오지 않을 수도 있는 것 같아 아쉽다. .	14
이번 작품도 좋아요 잘 읽었습니다!	14
촛불의 흔들거림이 오래 전 기억의 고통으로 오고 기억이 있는 한 작별하지 않기를…	14
한강의 문장만이 도달하는 영역이 분명히 존재함을 또 한 번 보여주는 책.	14
"한강 작가님 소설을 인상깊게 읽었던 독자로써 설레는 마음으로 한 장 한 장 집중해서 읽어가고 있습니다
큰 울림과 많은 생각을 하게 해주신 작가님께 감사합니다"	14
"이번 작품도 정말 좋아요.
예약구매하길 정말 잘한거같아요."	14
책 잘 받았습니다 온라인 사인회 이벤트 해주셔서 너무 감사합니다 작가님께도 정말 감사합니다 책의 한 구절을 낭독해주시는 것도 그 구절의 내용도 좋고 작가님 목소리도 너무 좋았습니다 작별하지 않는다 잘 읽어보겠습니다 감사합니다	14
한강의 작품은 말이 필요없이 무조건 필독!	14
한강 작가님 문장은 하나 하나가 섬세해서 한번에 소화하기보단 여러 번 읽게 돼요 사인본 이벤트 너무 좋았습니다.!	14
너무 관념적이라 지루함.	14
기대되는 작품입니다	14
배송도 빠르고 받자마자 살짝 읽었는데 재미있습니다 !	15
표지부터가 압권!! 한정판이라 바로 킵	15
아이가 꼭 읽어보고 싶다고 골랐어요	15
배송 빠르고 좋아요	15
리뷰가 좋아 구매했습니다.	15
배송 빠르고 잘읽어볼께요	15
바다가 들리는 편의점 힐링돼요	15
너무 좋아하는 시리즈에요	15
따뜻한 글이예요. 위로받았습니다.	15
마음이 따뜻해집니다	15
표지부터 정말 예쁘네요	15
글을 읽으면 잔잔한 감동을 느끼게 하는 책입니다	15
마음이 치유되는 느낌을 받았습니다	15
멋진 책 고맙습니다	15
힐링돼요 재미있어요	15
이런 편의점이 있다면 참 좋겠다 싶어요.	15
"바다가 들리는 편의점
기대합니다."	15
힐링되는 작품일 듯	15
너무 힐링하면서 보게 된 책이예요	15
힐링되는 책이네요. 마음 따뜻해져요.	15
잘봤습니다 좋아요.	16
좋아여 역시 추리소설	16
항상 믿고 보는 재미가 좋아요..	16
주문한 그날 바로 배송받아서 놀랐어요. 너무나도 빠른 배송 덕분에 책도 금방 볼 수 있어서 좋습니다.	16
히가시노 게이고 역시 재밌네요	16
흥미진진하고 재밌어요	16
기대되는 신작입니다	16
재미있네요 추천드려요	16
추천추천추천해요!!	16
그리고 아무도 없게 되었다.. 라니... 	16
기다렸는데 바로 구입하고왔어요	16
"한치의 오차도 없이 잘 배달되어서 너무 고맙습니다.
믿고보는 작가의 소설 기대 됩니다."	16
잘 읽었습니다 추천합니다	16
재밌고 좋습니다..	16
히가시노 게이고 특유의 스토리 전개. 재미있어요	16
대작가의 글은 읽어봐야	16
궁금하네요 기대됩니다	16
제일 좋아하는 작가님 기대됩니다	16
읽고 있어요 빠져드는 내용이예요	16
흥미진진한 내용 재미있어요	16
앤드루 포터 작가의 아름다운 이야기를 기대합니다.	17
정말 재미있을 것 같아요	17
천천히 읽어보려 합니다	17
재미있게 읽었습니다	17
이번 작품도 기대됩니다!!	17
15년만의 신작이라니 기대와 감동이 몰려오네요 벌써부터	17
새해 첫 책으로 읽어보고싶은	17
기대하고 있습니다.	17
화이팅입니다 좋아요	17
제목부터 기대하는 내용인데 무슨 내용일지 기대돼요	17
좋아요 추천합니다.	17
첫 작품의 진한 감동을 이어가고 싶네요	17
기다렸던 작가인데 내용이 기대됩니다.	17
모비딕은 우영우를 보다 알게 되었다. 100년의 세월이 흐른 뒤 재평가되어 불후의 명작이 된 이유를 찾을 수 있을지 기대가 된다.	18
거대한 고래와의 사투.. 선장이 그토록 찾는 것은 무엇인지..과연 그것만일까?	18
해양모험소설을 넘어 미국 모더니즘 문학의 대표작이 된 작품 기대됩니다.	18
어쩌면 나의 또 다른 인생책이 되어 줄 수도 있을 것 같은 모비딕! 여러 매체를 통해 말로만 듣던 그 위대함이 곧 나에게도 올 수 있을까?	18
어릴때 이후로 다시 읽어봅니다.	18
고전 소설 목록에서 많이 봤지만 제대로 만난 건 처음이네요. 고래 이야기를 넘어 과정에서 주는 감정과 생각이 여운이 남습니다.	18
모비딕의 두께를 보고 포기하면서도 놓지 못하는 건 시대불변의 가치가 있어서일 것이다!	18
"모비딕을 그냥 지나칠 수 없다는 사실을 알까요.
시시때때 읽는 감동이 다를뿐만 아니라 역량을 키우는 영감을 주니 말이지요"	18
단순히 고래를 잡기 위한 해양모험소설이 아니라 그 과정을 통해 독자에게 전하고자 하는 작가의 메시지를 알아보고 싶어요.	18
우영우가 좋아하는 모비딕. 어떤 돌고래이길래 영우가 사랑하는 걸릴까 궁금합니다!	18
고전 중 고전이라 손꼽히는 명작을 이렇게 다시 만나게 되다니 대단히 반갑다.	18
흥미롭고 모험심이 넘치게 만들어주는 힘	18
좋은 작품이었습니다	18
내용이 흥미롭고 신선해요	18
아직 완독하진 않았지만 재밌게 잘 읽고있어요	18
정서상 조금 이해 안되기도 하지만 재밌다	18
한 마디로 거대한 소설.	18
재밌게 잘 읽고 있어요. 좋은 책입니다.	18
그림도 실려 있어서 좋아요. 번역도 매끄럽게 잘 되어 있어서 술술 읽히네요.	18
책의 해제가 너무 좋아서 현대지성 시리즈로 읽은 것에 후회 없습니다	18
"현대소설로는 채워지지 않는 갈증이 있을때는
고전 다시 읽기추천합니다
십대에 읽던 것과는 다른 의미로 다가오네요"	19
과거로 돌아간다면 난 어느 시점으로 돌아가고 싶을까 철부지 20대 시절 그 빛나던 시절에 난 무엇을 했던가 생각없이 방황하던 그 시간들이 이제와 돌이켜보면 너무 안타깝다. 지금 이 시간도 언젠가 또 그렇게 느껴지겠지...	19
구매 추천합니다	19
추천할게요	19
따뜻한 성장소설 물론 단순 성장소설이라기엔 내용이 훨씬 심오하지만 나 또한 내면적으로 좀 더 성장할 수 있었던..? 책	19
데미안의 생각과 비슷하다	19
잘 읽겠습니다.	19
만족합니다.	19
마음에 듭니다	19
도서관에서 빌려보다가 다 못 읽어서 오늘 구입했네요.	19
꼭 읽어보고 싶어 구매했는데 재밌어요	19
거친 성장의 단면. 극도로 섬세하고 아름답다	19
민음사가 번역이 좋아요	19
언제든 성장하는 시간	19
유명한 책이라 읽어보고 싶어서 샀습니다. 생각보단 심오한 내용인 것 같아요. 저에게 마냥 쉽게 읽히지는 않았지만 다 읽고나면 여운이 많이 남는 책인것 같습니다. 나에겐 누가 데미안같은 존재일까..누군가가 나를 데미안처럼 느낀 적이 있을까? 생각을 많이 하게 되네요	19
시련을 겪는 주인공이 점차 자아를 성립하는 과정을 치밀하게 보여주고 있어요. 잘 읽히지 않는 부분들이 더러 있어서 두 번은 읽으려고 합니다!	19
집중해서 읽지 않으면 중간중간을 놓치지만 나에게로 가는 길에 대해 성찰 할 수 있는 좋은 기회였습니다. 잘 읽었습니다.	19
방송에서 보고 다시 읽어봤어요.성장소설.	19
학생때 읽었던 것과 또 다른 느낌	19
유명한 데미안 드디어 사서 읽어봅니다	19
나쁘진 않지만 1편의 재미만큼은 아니였다는. 독고씨의 내용이 궁금했는데 조금 아쉽	20
"기대가 컸나봐요.
독고씨 이야기도 궁금했는데...
나만 별로였나…"	20
1편을 즐겁게 읽어서 2편도 기대됩니다. 빨리 도착했으면 좋겠네요.	20
마음이 따뜻해지고 편해지는 책	20
너무 힐링되는 책이예요!!	20
"엄마께서 불편한편의점 1권을 재미있게 읽으셔서
2권도 구매했어요
우리 엄마 화이팅!"	20
눈물이 울컥했습니다. 1편보다 더 재밌고 감동적이었습니다.	20
아이가 고른 책 재미있게 읽었어요.	20
코로나 시대의 우리 이야기가 담겨 재밌습니다.	20
엄마 책 천천히 읽으시는 편인데 1권 재밌다고 빠르게 읽으셔서 2권도 사드렸는데 넘 재밌다고 하셔요 안 보고 샀는데 가을 에디션이라 그런가?? 안에 싸인 프린팅되어있더라구요	20
동화같아요 힐링하며 잘 읽었습니다!	20
내 말을 들어줄 누군가 필요했던 사람들과 잘 들어주고 할 말 다하는 편의점 야간알바의 티키타카 사업병 심하게 걸린 아들의 성장기	20
우리 이웃이야기 나의 이야기..	20
역시 마음이 따뜻해지는 책이네요	20
"책 받자마자..
휘리릭 다 읽어버렸네요
작가님의 책은 사실적이면서 공감가는"	20
1권을 재미있게 읽었다면 독고의 다음 이야기를 기대했을 것이다. 배경이 편의점인 만큼 독고 한 사람 중심이 아닌 편의점을 오가는 손님들과 과거 혹은 현재의 직원들의 이야기가 펼쳐진다. 변함없이 그들의 이야기는 허구보다는 현실에 가깝고 누군가의 이야기가 아닌 우리들의 이야기가 된다. 자녀들과 소통이 아닌 불통인 상태에서 어느 한 쪽의 변화라던가 뜬금없는 물질적 횡재로 문제가 해결되는 것이 아니라 양쪽 모두 문제가 문제임을 솔직하게 고백하고 바라보며 해결하는 모습들에서 가장 크게 공감했다.	20
조카 선물했는데 참 좋아했습니다.	20
감동과 편안함으로 힐링됩니다	20
재미있게 잘 읽었습니다	20
책이 재밌어서 술술 책장이 넘어가네요.	20
재미있는 책입니다.	21
아이가 읽고싶다고 얘기해서 구매해요 읽고나면 저도 읽어야겠어요	21
구병모 작가님 작품 중에 제일 좋아하는 책입니다	21
최고. 자기 전에 잠깐 펴봤다가 절반 읽고 자고 일어나서 완독	21
나이든 할머니가 청부살인업자라는 소재가 신선했음	21
"뮤지컬이 기대될 정도로 소설이 흥미진진 했습니다.
조각과 류 행복하길"	21
아가미 재미있게 읽어서 파과도 구입했어요	21
좋은소설이에요 재밌어요	21
재밌게 잘 읽었습니다.	21
"작가님 최고세요.
정말 잘 봤습니다."	21
구병모 작가님 책은 다 재밌어서 기대중입니다!	21
삶의 성찰을 하게 되는 좋은 소설이었습니다 	21
술술 잘 읽혀요!!재밌어요	21
"예전 아가미를 읽고 기대하며 다시본 파과
무슨 뜻인지 검색도 해보며 샀네요
그런데 생각보다 어두운 소재였어요"	21
앉은 자리에서 다 읽었네요	21
긴장감 대박입니다 !	21
인물의 설정자체가 흥미로웠어요	21
"킬러가 주인공인 소설 중 가장 좋아합니다.
살아숨쉬는 조각을 보고싶어요."	21
시간가는 줄 모르고 재미있게 봤어요	21
제가 너무 좋아하는 책입니다.. 꼭 읽어보세요	21
유시민 작가님의 추천으로 읽었습니다. 무거운 주제인듯 한데 무겁지 않고 유머있게 풀어내었고 쉽게 읽히는데 또 울컥울컥하게 만드는 책입니다. 강추.	22
운명의 장난인지 이 책을 사고 얼마 뒤에 아빠가 돌아가셨습니다. 처음엔 이 책을 펼치는 것만으로도 고통스러웠는데 좀 지나고 읽으니 장례식과정을 다시 돌아보는 시간을 가질 수 있었고 아빠가 많이 보고 싶었어요	22
유시민 작가님의 추천 재밌게 봤습니다.	22
"책 제목만 듣고 구매를 결심하게 만들었어요.
가까우면서도 먼 먼 것 같으면서도 가까운 아버지의 해방일지가 궁금했거든요.
책을 다 읽고 나니 '아버지의 해방일지' 보다는 아버지에 대한 나의 해방일지.가 더 맞는 것 같다는 생각이 듭니다.
아버지의 해방일지를 통해 들여다 본 나의 해방일지.
웃다가
콧등이 조금 시큰거리다가
다시 키득거리다가
어느새 한 권 후다닥 읽게 되는 책이지만 결코 가볍지 않은 책이에요"	22
요즘 본 소설 중에 최고입니다	22
웃기기도 하지만 인간에 대한 애정이 듬뿍 담긴 이의 삶을 들여다보며 나를 성찰하게도 만드는 책	22
내 아버지를 벗어나 모두의 친구였던 사람이 다시 내 아버지로 돌아오는 과정을 그린 책입니다. 우리들 아버지는 지금 어디쯤에 계신가요. 늦기 전에 곁에서 함께 시간을 보내실 수 있길.	22
작가님은 진지해야 할 이야기를 유머를 섞어서 재미있게 쓰는 걸 좋아하는 것 같다	22
훌륭한 저서 감사합니다!	22
어느새 나의 아버지가 떠오르게 되는 소설.. 덕분에 눈물이 흐르다 웃다.. 아버지의 죽음은 아버지에게는 해방이자 딸에게는 화해이자 우리에게는 시작이다.	22
젊은 시절 4년을 빨치산으로 살고 평생을 빨치산이라는 굴레 아래 놓여 삶을 파괴당했지만 딸의 글로 이렇게 수많은 사람의 공감을 받고 있으니 어쩌면 젊은 날 아버지의 순수했던 이상이 다른 형태로 보답받는 걸지도...	22
재미나게 잘 읽었습니다	22
너무 잼있어서 잘 안쓰는 리뷰를 다 쓰네요 시간 가는 줄 모르고 읽었어요	22
무슨 책 읽을까 하다가 유시민님의 추천으로 구매했어요. 잘 일어 보겠습니다.	22
공감되고 재미있습니다	22
별로 지루해요 문장력도 떨어지고 글쎄.. 너무 정치적임	22
한번에 읽어나갈 수 밖에 없었습니다. 눈물을 머금은 채.. 재미있게 읽었습니다. 감사합니다.	22
나는 아버지를 잘 알고 있었나 알고 싶긴 했던 걸 까	22
"빨치산이라는 주홍글씨를 평생 달고 아버지로 남편으로 원망만 듣는 형으로 살아오면서도 숨은 도움의 손길로 주변을 챙겨줘서 고마워요.
빨치산의 딸로 짐작조차 안되는 힘든 시기를 견디고 아버지를 늦게라도 진정으로 만나게 되서 고마워요.
슬픈 역사를 돌아보게 되고 그 안에서 고통 속에 살아온 누군가의 인생을 알게 되서 고맙습니다."	22
책 표지와 내용 사이의 괴리감. 그게 너무 좋았어요	22
아무것도 넣지 않고 간도 하지 않은 미음같은 책이다.	23
"잔잔한 물결의 이미지가 떠오른다.
제목이 모든 걸 말해 준다. 아침 그리고 저녁"	23
한 자리에서 편히 앉아 차 마시며 읽고 나니 자극에 지친 뇌가 잠시 쉬어가는 시간을 가진 것 같고 좋네요	23
이 소설에선 어디까지가 삶이고 어디부터 죽음인지 경계가 모호한데 공감되는 부분이 있어 좋았습니다.	23
"욘 포세의 호흡을 따라가다 보면 대화에서 오는 박자는 시를 닮기도 연극을 닮기도 했다. 아름다움에 감탄하면서 나도 너울을 따라서 함께 감정선을 탔다. 분명 영혼의 바닷물은 따뜻할 것이다. 상상했다.
​우리의 탄생과 종료 시점의 죽음은 단편적이지 않다. 탄생도 서서히 고통이었고 죽음도 서서히 행복이었으리라.
그렇게 믿고 싶었다."	23
멋진 책이에요. 잘 읽고 있어요	23
문체가 특이해서 인상 깊었어요	23
기대되는 책입니다. 잘 읽어볼게요	23
사는게 뭘까 하는 생각을 많이 하게 됩니다	23
잔잔하게 시를 읽는 것 같아요	23
재미있게 잘 읽었습니다	23
너무 좋습니다. 삶과 죽음에 대해 아름답게 쓰여진 글이예요. 이런 책을 읽을 수 있어 감사합니다.	23
힐링되는 책이에요	23
노벨상 작가 책다운 무게가 있어요	23
삶과 죽음 그리고 죽음 속의 삶이란 것이 눈에 보이는 듯하다.	23
많은 생각하게 해주는 책이었습니다. 삶에 대한 고찰이 필요하신 분 추천드립니다.	23
사람은 가고 사물은 남는다.	23
요란하지 않게. 고요하게	23
가벼운것 같으면서 여러 생각이 드는 책이네요	23
마음 속 깊은 울림이 있는 내용입니다..	23
기대된다.. 손 떨린다... 작가님 사랑해요	24
역시 재밌고 서사가 있는 작품이에요	24
가볍게 읽을만 해요.	24
삶의 소중함과 주변 사람들의 소중함을 느낄 수 있었던 책	24
재밌게 잘읽었어요	24
이치도 미사키 작가의 뻔한 스토리가 보였지만 알고도 집중해서 보는 소설	24
비슷한 듯 비슷하지 아니하면서도 아련함이 있네요	24
카페에서 눈물 참아가며 읽느라 혼났어요 마코토 	24
매우 재미있어요 수고	24
잘 읽고 있어요	24
이치조 미사키 작가님의 믿고 보는 러브스토리	24
"저자의 또 다른 오늘 밤 세계에서 이 사랑이 사라진다 해도 책을 읽고 영화를 보고 참 많이 울었네요.
뻔한 이야기 뻔한 결말이 예상되는 그런 이야기지만 이번에도 역시나..
1월 18일 오후 6시 21분
이 문장에서부터 몇 번이나 울컥하는 감정을 참아보려 했지만 결국 또 눈물이 났어요. 휴..
풋풋하고 순수한 첫사랑이 생각나면서도 마음 아프고 아름다운 이야기였어요. 겨울에 읽으면 더 좋을 것 같아요. 이 책도 꼭 영화화되었으면 좋겠어요."	24
"저는 이치조 미사키 작가님의 신작이 나왔다는 소식을 알게 되고 바로 이 책을 구매하였습니다.
저는 지금까지 작가님의 4권의 책을 모두 읽었는데요 전부 읽어보고 나니 이제서야 책에 대한 제 감상이 정리가 되어 리뷰를 쓸 수 있었습니다."	24
"작가님 책은
다 재밌어요"	24
재미있게 읽었어요. 과거로부터 온 빛.	24
아이가 원해서 고른 책이에요 좋아하네요	24
시리즈 세 권 다 재미있게 읽었어요	24
앞의 두 작품을 재밌게 봐서 고민하지 않고 구매했어요 기대됩니다!!!!	24
잘 읽겠습니다 감사합니다	24
"미나미가 행복했으면 좋겠어요 미나미 성격 당차고 좋음
보면서 쓰키시마의 제한된시간에 슬펐습니다
시작부터 쓰키시마가 1년밖에 남지 않았다는 것에 안타까웠지만 그만큼 둘의 절절한 사랑이야기를 볼 수 있어서 좋았습니다!"	24
싯다르타와 고빈다라는 대조적인 인물을 통해 인생을 이야기하는 책 불교적 철학을 통해 인간이 정해진 길을 걸어야 하는 것은 아니라는 걸 얘기해주는 헤세 이 책을 통해 불교적 관념과 생각에 더 가까워질 수 있었습니다 너무 좋았어요 책을 다 읽고 덮은 후에도 많은 생각을 하게 만드는 책	25
진짜 최고의 책입니다. 자아 탐구의 시간을 보내고 계신 분들. 정말 추천 드려요. 제 인생 책꽂이 가장 좋아하는 책 !!	25
조금씩 조금씩 결국 모든 부분이 새로운 나무조각들로 교체된 테세우스의 배는 과연 테세우스의 '그 배'일까? 어제의 강물은 어디쯤 흘러갔고 오늘 보고있는 강물은 언제 어디에서 왔을지 모르겠는데 그래도 강은 언제나 '그 강'일까?	25
책 한 권 읽었다고 바로 사람이 바뀔 수는 없지만 인생을 좀 더 가벼운 마음으로 받아들일 수 있게 될 거 같다. 자연은 인간에게 참 많은 것을 준다.	25
싯다르타를 읽게 되어 나의 내면에도 성숙함이 함께 성장해 나아가길 바라는 마음으로 읽고 있네요ㅣ	25
이런 책이 내겐...필요했다	25
어떻거 하면 시다르타와 같은 삶을 살아갈 수 있을까를 내게 다시 일깨워 주는 거 같다. 예순 넘어 다시 읽어보면서 지나온 과거를 뉘우치면서 남은 생을 좀더 남을 이해하고 베풀면서 살아야겠다는 커다란 깨달음을 느끼게 하는 정말 좋은 책이 아닌가 싶다	25
문학 책은 항상 옳아요..	25
민음사 세계문학전집 가끔 읽기에 좋아요.	25
자기 자신의 가장 내면적인 곳까지 뚫고 들어간 사람만이 그렇게 진실하게 바라보고 그렇게 걷는거야	25
사색할 수 있는 책 추천합니다	25
꼭 읽어보고 싶었는데 재미있네요	25
빠른 배송에 감사합니다.	25
매우 교훈적이며 깊은 울림을 줍니다	25
23년을 잘 마무리 하게 도와준 책이라 지인한테도 선물했네요.	25
요즘 고전 읽기에 도전하고 있는데 싯다르타도 기대	25
가벼워서 들고 다니며 읽기도 좋고 재밌게 읽었습니다	25
올 한 해 이 책으로 마무리합니다. 바로드림으로 받았는데 친절하신 직원분 덕분에 잘 전달받을 수 있었네요.	25
다른 책에서 인용되는 것을 보고 전체를 읽어보려고 합니다.	25
기대되네요 평이 좋아서 숙고하며 읽으려구요	25
주문하고 기다리는 중인데 민경우 작가님 유튜브에서 만난 뒤 말씀들이 너무 새롭고 놀라워서 이 작품 읽기를 기대하고 있습니다	26
쉽게 알 수 없는 내용을 본인의 경험으로 들려주셔서 좋았습니다.	26
꼭 읽어보고 싶은 책입니다	26
민경우 대표님의 행보를 응원합니다 많은 분들이 읽어봐야될 것 같은 꼭 필요한 책입니다 주문해놓고 기다리는데 가슴이 두근두근	26
살면서 몰랐던 사실들을 깨우치게 되었네요	26
민경우님의 스파이 외전에 대해서 항상 궁금해서 찜하고 주문했는데 막상 기대되네요	26
그동안 어둠속에 가려져 많은 지식인들조차 쉬쉬해 왔던 우리나라의 암담한 현실이 이 책 속에 담겨져 있네요. 충격적이고 이 문제를 해결하기에 얼마나 많은 시간이 필요할지 걱정이네요. 잘못을 인정하고 용기를 내어 주신 작가님을 응원합니다.	26
허구가 아닌 실화를 바탕으로 쓰여졌다니 정말 기대됩니다. 대한민국의 정치발전을 위한 작가님의 마음을 공감합니다	26
예약구매 했어요. 평소에 민경우 대표님 존경하는데 이 책 너무나 기대됩니다! 빨리 보고싶네요	26
"유투브 보고 흥미가 생겨 구입하였습니다.

재미 있게 읽었습니다.

좀 놀라운 사실을 알게 된 것 같습니다"	26
역시 민경우 대표님! 늘 존경하고 감사합니다!	26
좋은 책 잘받았습니다	26
북한과 한국 민주화에 대한 경험자의 진술	26
다사다난했던 그의 비망록	26
"머릿 속에서 막연하게 떠다니는 것들이
책 덕분에 깔끔하게 정리 되었습니다.
25년 넘은 고민이 해결되었어요"	26
역사와 민족 앞에 참회하는 심정으로 쓴 민경우 작가님에게 박수를	26
잘 읽고 있어요. 빠른 배송 감사해요.	26
사실인 경험담 최고입니다.	26
솔직히 비쁘고 귀한 시간에 쓰레기들 인생사를 알아야 한다는 것 자체가 처참합니다...	26
도저히 알 수 없는 종북 주사파들의 멘탈리티를 어느 정도 알 수 있었다.	26
"제법 산 사람들에게 위로를 전하는 메세지였으나 산 사람들의 관점인 것 같다. 죽은 자는 말이 없기에 그 마음을 헤아릴 수 없다.

죽음보다 삶이 낫다는 전제가 깔려있다. 과연 그럴까? 죽음이 삶보다 낫다면? 아무도 모른다. 그저 살아있기에 가보지 못한 곳이기에 이 삶이 더 낫다라고 생각하는 건 아닐까?

어쩌면 죽음은 슬픈 일이 아닐지도 모른다.
단지 내 옆에 내 곁에 있지 않기에 온전히 나의 이기심 때문에 슬픈 것일 수 있다."	27
신랑이 읽고 싶다고 해서 구매해줬는데 택배 풀자마자 딸아이가 정말 읽고 싶었던 책이라고 하네요 우리집에서도 인기가 좋네요	27
그냥저냥 볼만한 정도.	27
눈물이 나는 이야기	27
소설을 읽으면서 울었네요 책 속 인물에 몰입을 해서 그런지 내용 구성도 좋고 재밌어요	27
"너무 기대가 컸나봅니다.

스토리가 너무 눈에 다 보여서...생각만큼 재밌지 않았어요."	27
친구가 추천해서 샀어요 잘 읽을게요	27
인생 처음으로 단기간에 읽은 책이고 첫 차례부터 끝날 때까지 울면서 읽었어요. 한번 본 작품은 다시 안 읽는 성격인데 몇 번을 더 읽고 일상생활을 하다가도 펼처보고..정말 인생 첫 작품입니다	27
가족 친구 연인과 갑작스럽게 이별하게 된 사람들의 가슴 먹먹해지는 이야기들이 감동적이었습니다.	27
재미 술술.... 잘 읽혀요	27
기대됩니다…	27
아이가 잘 읽은 책 입니다.	27
감동적인 내용이 좋습니다.	27
기대가 됩니다…	27
삶과 죽음의 경계는 무엇일까 한 번뿐인 인생을 어떻게 살아야 할까하는 생각해보는 시간이 되었어요.	27
"재미있게
잘 읽었어요"	27
너무 힐링되고 좋아요	27
연말에 읽기 좋아요	27
힐링되고 좋아요. 최고	27
마음이 따뜻해지는 소설	27
우선 너무 좋아하는 책이고 작가가 직접 그린 커버가 너무 이뻐서 집에 세 권 있는데도 다시 새로 샀습니다. 앞표지 앞커버 넘기자마자 나오는 간결한 작가소개 다 좋은데 책 제일 뒷편 커버에 저렇게 문장 엄청 크게 박아둔 담당자 누굽니까.. 후우.... 이 책이 갖던 그 감성이.. 무뚝뚝하고 꾹꾹 눌러 담아서 더 짠하던 그 감성이 다 깨졌잖아요.. 힝 속상하다..	28
"책은 잘 읽히는데
작가가 이 책을 통해 무엇을 얘기하려하는지 난 잘 모르겠다."	28
언제나 어디서나 늘 곁에 두고 읽고 싶습니다	28
"우리는 본질에 소홀하다.
속세에 물들어 질투 의심 증오 이기심 등 온갖 불순한 감정들에 지배받는다. 물론 행복 사랑 안락과 같은 기분 좋은 감정들도 느낄 수 있다. 그러나 행복과 질투의 구분이 중요한 것이 아니다. 우리의 보편적 감정은 모두 무의미한 것이다. 우리는 이 사실에 공감하기 쉽지 않다. 쿤데라는 이 사실을 짚는다. 토마시 테레자. 사비나. 프란츠. 4명의 주인공은 어찌보면 우리에게 익숙하면서 한편으론 독특한 세계에서 살고 있다. 우리에게 사랑이란 따뜻하고 순수한 감정일 것이다. 그러나 4명은 사랑으로 인해 고통받는다.
인간은 자신만의 세계를 이룩한다. 그 세계는 꽤나 견고해서 그 세계의 룰에 어긋나는 물질과 신념들은 배척받는다. 그것이 고통받는 이유이다. 보편적인 인간은 고통을 회피하려고 하지만 고통을 피해 열심히 도망치다 보면 어느새 고통의 세계로 다시 들어가는 자신을 발견하게 된다. 사랑이 참 모진 것이 강렬한 고통을 경험해도 우리는 도망치기 쉽지 않다. 사랑에 휘둘려 맞이한 결말은 비극 뿐이다. 쿤데라는 이를 경계한다. 자신을 본질이라고 거짓말하는 사랑에 넘어가 무의미한 것들에 집착하고 있진 않은가. 우리가 건설한 세계 또한 점검해야한다. 무한한 고통에 시달리는 본인을 발견하다면 그 세계가 범인일 것이다."	28
프랑스 문학을 이해하는데 도움이 된다	28
가벼운 로맨스 소설로 보이지만 사랑으로 바라보는 인간의 결핍 증오 슬픔 등을 있는 그대로 드러내는 책. 사랑에 대한 철학을 좋아한다면 추천!	28
표지만 보고 덜컥 샀습니다. 장르조차 보지않았죠. 읽어보니 충분한 소장가치가 있다고 생각합니다.	28
술술 읽히는 것은 아닌데 재밌습니다	28
"참을 수 없는 존재의 가벼움
재밌어요"	28
"기존 책이 낡아 재구매함
하드커버에 표지가 이쁘다."	28
표지가 이쁘네요!!!!	28
"소장하지 않기엔 너무나 매혹적인 책
도서관에서 빌려 읽고 양장본으로 다시 구입합니다"	28
읽기는 좀 어렵지만 머리말이 좋아요	28
완전 추천합니다	28
제목의 참신성이 지금도 영향력 있다	28
세월이 흘러도 같은 고민을 하는 부류가 있다	28
한 번뿐인 것은 전혀 없었던 것과 같다.	28
밀란 쿤데라 작가를 개인적으로 좋아해서 소장하고 있습니다.	28
내용이 와 닿을지는 모르겠지만 일단 읽어볼 가치는 있어보임	28
역시 어렵지만 그래도 좋아요	28
이 책이 연애의 교과서로 불리는 이유를 알 것 같습니다. 구체적인 상황은 저마다 다르겠지만 연애를 시작할 때 사랑이 흔들릴 때 헤어지기 전후 그리고 새로운 사랑이 시작될 때의 생각과 해석을 객관적으로 볼 수 있는 책이에요. 많이 공감되고 나만 이렇게 사랑하는 게 아니구나 느낄 수 있었습니다.	29
어쩜 이리도 인간 심리를 글로 잘 나타냈을까요	29
내가 누구냐 하는 것은 많은 부분 내가 무엇을 원하느냐로 구성된다	29
잘 읽었습니다 근데 번역이 쫌 별로인듯	29
복잡한 사랑을 설명하려 할수록 단순해지는 느낌을 받았습니다. 이러쿵 저러쿵 해도 결국 사랑에 빠졌다는 말 아닐까요?	29
로맨스 소설이 철학적일 수 있다니!!! 획기적인 로맨스 소설!!!	29
"말의 변비 시드는 햇볕 같은 신선한 표현들과 묘하게 공감과 이해가 안 되는 문장들로 점철된 책이었다.
사랑이라는 감정 하나로 이렇게까지 철학적이고 심오할 수 있는 게 신기했습니다."	29
따뜻한 느낌의 표지부터 마음에 듭니다!	29
알쓸신잡 정서경 작가 님의 추천으로 접한 첫 알랭 드 보통 소설! 우리가 계속해서 사랑을 하는 이유는 대상에 대한 기대 로망 사랑 그 자체도 있지만 그 사람을 사랑하는 내 모습을 사랑하기 때문이라는 것을 알게 해 준 책. 자전적 얘기로써 철학적 기능도 있지만 자기 자신과 클로이를 모에화 해서 쓴 만큼 가볍게 읽기도 좋습니다!	29
새로운 사람을 만나 사랑에 빠져 연애를 시작하고 중간중간 서로에 대한 마음이 더욱 커지는 순간도 있다 하지만 시간이 지날수록 설레임 호기심은 사라지고 쌓여있던 불만들이 부글부글 끓어오른다. 자신들이 처음 만났던 것처럼 새로운 사람이 등장하고 새로운 사랑에 빠지며 새로운 인연을 만들어낸다.	29
좋은 책 감사히 잘 읽었습니다. 감사합니다.	29
"사랑에 대해 다시 한 번 생각하게 되었고
내용이 너무 공감되면서 너무 술술 읽혔어요
재밌었어서 또 다시 한 번 읽을려구요 "	29
"인간에게 가장 어려운 숙제 중 하나인 서로 사랑하기
만남부터 헤어짐까지를 잘 설명한 책"	29
배송도 빠르고 리커버 표지도 너무 이쁘네요 내용도 좋아요 만족합니다.	29
사랑이란 걸 잘 모르던 나이에 읽었는데 그때는 무슨 내용인지.. 재미도 없고 공감이 안 갔는데 이제야 이해가 됩니다. 이제야 마음에 와닿습니다	29
정말 재밌고 공감한 부분이 많았어요. 사람과 사랑의 심리를 잘 나타내는 책이예요. 30대가 될 때도 반복해서 또 읽고 싶어지는 책입니다 그 때 가서는 더 다양한 관점에서 공감할 수 있을 것 같아요.	29
책 표지가 눈에 들어와 보게 됐는데 책 표지 뒤에 적힌 문구처럼 상큼하고 재밌어요 문장이 어렵지 않고 물 흐르듯 잘 읽힙니다 알랭 드 보통 작가의 문체를 좋아한다면 강력 추천!	29
좋은 책 감사히 잘 읽었습니다. 감사합니다.	29
계속 읽고 싶은 책입니다	29
읽으면서 왜 베스트셀러인지 알았습니다. 두고두고 읽고 싶은 책.	29
가독성은 있으나 급하게 이야기가 마무리되는 느낌이라 아쉬워요..	30
머리는 너를 잊어도 심장은 너를 잊지 않았다	30
"읽다가 덮었다. 꾸역 꾸역 백페이지는 채워봤는데 시간이 아까웠다. 문체가 너무 가벼워 웹소설 읽는 기분이 이런게 아닐까 싶다.
번역의 탓일까. 작가의 필력이 없는지. 글의 묘사가 없이 너무 싱겁고 밋밋하다. 청소년기 연애감정 얻는것 말고는 얻을게 없는 책…"	30
너무 슬프고 몰입도 잘 되고 재밌습니다.	30
기대감이 컸었는지 생각보다 많이 아쉬웠다. 일본 작가 소설에서 주로 나올 법한 다소 뻔한 스토리	30
"인스타에서 어그로까지 끌어가며 홍보하는건 다 이유가 있다...
쓸데없이 알몸 속옷 얘기 할 때 마다 몰입도 다 깨짐
1도 안참신함 걍 전형적인 일본 애니 문학 그 자체임"	30
뻔한 스토리인줄 알았는데 너무 감동적이고 내용이 정말 재미있어요  지루하지도 않고 읽으면서 몽글몽글해서 잘 읽히네요 간만에 제일 재미있게 읽은 소설입니다	30
고등학교 시절로의 시간여행 그때의 풋풋한 마음을 잘 표현 슬프지만 그렇지만은 않은 재미있게 잘 읽었습니다	30
가독성과 모두들 기억 쌓아갈 때 혼자 기억을 잃어버리기만 했던 주인공이 후에 남들은 잊어가는 기억을 찾아다니는 부분은 감명깊었지만 복선 없는 타 유명소설에 살짝 변형만 된 반전 이로 인한 후반 1/5 부분의 급전개는 매우 실망스러웠다.	30
슬프지만 사랑스런 청춘 이야기. 잘 읽었습니다!	30
너무 잘 산 책이에요 잘 읽을게요 감사합니다	30
거의 끝나갈 무렵부터 눈물이 멈추질 않네 흐르지 않게 물방울 처럼 맺혀만 있어 슬퍼	30
전 제가 눈물이 없는 사람인줄 알았는데요.. 이 책 읽고 그 생각이 바뀌었습니다... 몰입감도 엄청나서 앉은 자리에서 결말까지 읽게돼요	30
기억의 실체는 머리가 아닌 가슴으로 하는 거 같아요.	30
이 책은 진짜 필독 도서라고 생각되는 책이에요	30
직접 읽기 전부터 관심이 갔던 책이었습니다. '기억상실증'과 '사랑'이라는 소재의 만남은 다시 생각해도 참신하고 애틋한 것 같습니다. 그렇기에 관심이 갔던 만큼 이야기는 기대에 완벽하게 부응했고 저는 히노와 도루의 청춘 속 따뜻하고 찬란한 사랑을 응원했습니다. 순수해서 좋고 애틋해서 좋았습니다. 한 가지 아쉬웠던 점은 해피엔딩이 아니라서 마음으로만 그 흔적을 되뇌어야 한다는 것이었습니다. 그럼에도 몸과 마음이 이어져 있던 시절 두 사람의 사랑이 햇빛 같이 강렬해서 그 슬픔을 조금이나마 덮어주는 것 같아 위안이 됩니다.	30
제가 너무 기대를 많이했나봅니다..... 저에겐 많이 유치했어요 그래도 완독은 했습니다.	30
동생이 읽어보라고 해서 읽었는데 글쎄요 후반부에서 그렇게 마무리되는게 갑작스럽다고 느꼈네요 감동을 주기 위해서 그렇게 설계한 느낌도 들고. 그리고 문체는 웹소설 느낌이에요. 제가 일본 감성이랑 안맞는 것 같기도 하고.. 너무 뻔한 스토리에 뻔한 소재. 참 진부하네요 근래 읽은 책 중 가장 별로였습니다	30
"책을 펼치는 그 순간부터 눈을 떼지못하게 하네요
재미있습니다."	30
재미있게 잘 읽을수 있었어요	30
구매추천합니다	31
마음에 듭니다	31
주인공의 무감정함이 부각되는 이야기. 그렇지만 타인이 자신의 사건과 감정을 재구성하는것 실제로 느낀것 이외에 추가적인 서사를 부여하는 것 자신의 운명을 신으로 귀결시키는 것에는 강한 거부감과 피로감을 느낀다는 점이 주목할 만하다. 사회적 윤리관과 타인의 인정을 위해 합리화하지 않는 주인공의 모습을 보고 현대사회와 나를 돌아보게 되는 책.	31
"뭐랄까.. 우중충한 내용에
자기일인데도
자기 일 같지 않게 방관하고 있는 주인공이 답답하다"	31
이방인 현재 이 도시에서도 적용되는 1950년대 프랑스 소설입니다	31
추천받아서 읽어보는데 좋습니다	31
왜 사람들이 죽기 전에 꼭 읽어야하는 책이라고 하는지 알거같습니다... 좋아요…	31
열심히 읽어보아요	31
학창시절 읽으면서 감동한 이방인 추천합니다	31
굉장히 재밌게 읽었습니다.	31
삶에 대해 생각하는 시간을 갖게하네요	31
매력적 작품입니다.	31
마지막 부분은 압권	31
친구 추천으로 읽어본 책입니다. 인생명작입니다.	31
이 책을 왜 이제서야 읽었을까	31
어렵지만 재밌어요..	31
선물로 받았고 좋아하는 작가여서 믿고봅니다	31
나에겐 아직 어려운책	31
실존주의와 카뮈의 사상을 조사하고 읽으면 더 재밌어요	31
많은 걸 생각하게되네요	31
"삶에 대해 사유하고 싶은 모든 이 특히 여성을 위한 책.
기발하고 짜릿하지만 동시에 물거품 같다.
20년이 흐른 지금에도 공감할 여지가 많다는 것은 아직 우리 사회가 나아갈 길이 멀단 뜻일테다."	32
모순을 읽고 바로 구매했습니다. 어떻게 92년에 이런 생각을 하셨는지...	32
너무 재미있어서 술술 읽혀요 양귀자 작가님 사랑합니다	32
1992년에 출간됐다는 게 믿기지 않는 책.	32
작가님의 혜안이 돋보입니다. 감명깊은 책입니다.	32
1992년에 쓰인 것이 믿겨지지 않는 책. 가정폭력을 비롯한 사회적 약자에 대한 폭력에 대해 생각해 볼 수 있습니다.	32
문체가 약간 올드한 느낌이 들지만 잘 읽히네요.	32
"쉽게 읽을 수 있는 소설이예요
워낙 글솜씨가 좋아서 지루한 부분도 술술 읽히네요
한번만 대화하고 싶은 작가님"	32
어릴 적 재미있게 읽었던 소설이라 시간이 흐른 후 다시 읽게 되었다. 소설을 원작으로 한 영화도 본 기억은 있지만 어땠는지는 워낙 어릴 때라 기억나지 않는다. 다른 건 둘째치고 생각보다 다시 읽었음에도 몰입감이 있는 소설이다. 개인적으로 결말이 살짝 아쉽지만 그래도 쉽게 덮을 수 없는 책이다.	32
양귀자의 '모순'  원미동 사람들'에 이어 '나는 소망한다 내게 금지된 것을' 로 다시 한 번 양귀자를 느낀다.	32
재미있습니다. 너무 좋아요!	32
작가님 소설 믿고 봅니다	32
너무 마음에 들어요	32
"모순 다 읽고 바로 구매했어요
양귀자님 글은 정말 좋은 것 같네요"	32
시대를 앞서나간 책	32
"억압하는 가해자의 치하에서 살아갈 수 밖에 없다는 것을 자각한 피해자는 어떻게 살아가는가.
백승하가 그러했듯 지배 안에 존재함으로써의 장점을 찾고 가해자의 좋은 점을 바라보고 현실에 순응하며 살아가나 자신의 실제 처지에 대해 자각하는 순간이 올때마다 존재가 무너지는 그런 삶이지 않을까."	32
책을 읽으며 계속 드는 생각은 "30여 년 전에 이런 생각을 하셨다고?"였어요. 세상에 대해 얼마나 끊임없이 생각했으면 이런 통찰력을 지닐 수 있는지 작가님에 대해 궁금해지기도 합니다.	32
순식간에 읽게 되는 책. 쉬운 언어로 강렬한 글들을 써두셔서.. 빨려들어가듯 읽었습니다. 후반부가 약간 아쉽지만 그래도 재밌게 읽은 책.	32
90년대에 쓰였다는 게 놀라울 정도로 시대를 앞서가는 작품	32
92년도 작품인게 믿기지 않을 정도로 재밌습니다	32
소설 속 마크처럼 이야기에 완전히 빠져들게 되는.. 금융학 전공의 미국인이 쓴 이상하게 한국인 취향저격 이야기... 감동이 있는 재미있는 소설입니다 오크라코크를 많이 검색해보면서 읽었네요	33
오랜만에 책 읽다 울었습니다.. 근래에 들어 본 로맨스 중 가장 절절한 로맨스였던듯... 주인공 같은 사랑이 하고 싶어지네요 저는 한번 더 정주행하러 가보겠습니다	33
인생영화가 노트북인 사람이라 작가님 신간이래서 홀린 듯이 구매했습니다 로맨스 좋아해서 정말 많은 작품 찾아 읽어봤는데 이제서야 '진짜' 로맨스를 만난 듯합니다. 그만큼 감동이었고 여운이 참 많이 남는 소설!! 주변 지인들에게도 선물하려구요	33
노트북 원작 소설 작가의 책이라 해서 믿고 구매했어요 따뜻함이 느껴지는 표지 맘에 들어요!! 기대됩니당	33
겨울이라 따스한 책을 읽고 싶어서 구매했습니다. 기대가 됩니다.	33
올겨울 마지막으로 나의 모든 소원이 이루지길 바래보내요.	33
내용이 좋아요 추천합니다	34
잘 읽히고 좋아요. 여운이 남음.	34
"프롤로그는 나무 두 그루로 시작한다. 생각보다 강렬한 프롤로그에 매료되어 시작된 초반이었다.

5남매의 특징과 이야기 각 개인의 캐릭터는 상당히 매력적이었다. 쌍둥이를 질투했지만 결국 쌍둥이가 되고 싶었던 금화의 이야기 그리고 금화가 사라질 때까지 소설의 집중력은 상당했다.

그 후 목화가 꿈도 현실도 아닌 공간에서 죽어가는 사람 중 목소리가 지목하는 단 한 사람을 살린다는 이야기는 흥미로웠지만 초반의 힘이 끝까지 전달되진 않은 것 같다.
목화가 보는 장면들 느끼는 감정들이 확 와닿지 않아서 그런듯.
프롤로그에 나온 나무와 소설 중간 중간 목화가 찾던 나무 그런 떡밥들이 회수가 안 된 느낌도 있다."	34
역시나 믿고보는 최진영 작가님 책	34
선물해도 좋을 책!	34
재밌어요 추천합니다	34
내용이 정말 와닿고 좋네요.	34
작년에 읽은 소설 중 탑 3입니다!! 어쩜 이렇게 참신할 수가 감사해요 재미있게 읽고 추천하고 다닙니다	34
흥미있는 소설이네요. 잘 읽었습니다.	34
문장 하나하나가 정말 좋았습니다.	34
친구 추천 받아서 읽다가 너무 재밌어서 구매했어요 이런 저런 여러 생각을 할 수 있게 만들어주는 책입니다	34
기대없이 구매해서 읽어 보았는데 추천하게 되네요.	34
공감되는 글이 많아서 좋았어요	34
연말에 읽기 좋은 책입니다	34
올해 읽은 최고의 한국 소설입니다.	34
문장 하나하나가 너무 좋았어요	34
재미있게 읽었습니다.	34
몰입해서 읽었네요 잘 읽었습니다	34
최진영 작가님의 책은 사실 믿고 읽는 편이라서 걱정은 전혀 하지 않고 읽었습니다. 그런데 역시나 걱정하지 않아도 될 정도로 너무나 재밌어요. 감동 재미 생각할 거리 모두 주는 책이에요. 누구든 시간이 됐을 때 한 번쯤 꼭 읽었으면 좋겠습니다.	34
성찰과 감동 재미를 한번에 잡을 수 있어서 좋았던 책	34
카프카의 다양한 글을 전영애 선생님 번역으로 볼 수 있어 좋아요!	35
"프란츠 카프카의 변신은 읽었는데 잘은 모르겠는 카프카에 대하여 한 걸음 더 나아가는 길이다. 이렇게 여러 번의 기회를 통해 조금씩 알아 가다보면 카프카에 대한 이해는 나중에 올 거라 생각하면서 말이다. 버지니아 울프의 글보다 난해하고 어렵기도 해서 개인적으로 혼자 읽기 버거운 작가이기도 하다.그래서 프란츠 카프카를 알아가는 길에 이번 에디션이 최적인 것 같다.
앞뒤로 수록된 카프카에 대한 글과 연보 책을 옮기신 전영애 님의 글 덕분에
카프카를 알아가는데 매우 큰 도움을 받는다."	35
"책의 구성과 기획은 정말 좋은데.. 번역이 왜 이러지...
나만 느끼는 건가요.. 좀 더 읽다 보면 적응되겠지요?"	35
책을 보면서 카프카 오빠의 우울함과 불안감 고뇌가 너무 느껴져서 보는 제가 힘들었어요. 이 오빠 진짜 안쓰러워요. 흑 그냥 따뜻하게 함 안아주고싶네요. 제 마음이 닿을진 모르겠지만요. 이렇게까지 또 과몰입하는거보면 제가 나름 재밌게 읽긴했나봐요.. 하지만 또 읽을 자신은 없다…너무 우울해..	35
불확실한 시대에 다시 읽는 불확실한 의미의 글들.	35
카뮈의 단편을 한 번에 볼 수 있어 좋아요	35
카프카 작품은 변신 소송 등 일부만 알고 있었는데 이렇게 여러 작품을 접하게 되어 좋았어요	35
잠시나마 작가의 생활을 생각 할 수 있었네요..	35
카프카의 책은 언제나 바이럴이다.	35
저도 카프카처럼 글을 쓰고싶어요	35
올 해 책의 날 아이콘인 카프카를 모아 볼수 있어 좋은듯	35
"글쎄 카프카는 카프카라는 설명 외에 뭐가 없다길래 사 봄.
읽는 중인데....잘 모르겠다... 일단 추앙받는 문학가라 너도나도 이해 안 가면서 대단하다고 느끼는 척 하는건가...."	35
사실 표지가 예뻐서 구매했는데 단편집이어서 쉽게 읽히고 좋아요! 왜 유명한지 알겠어요	35
읽다보면 이해가 안되어서 중간에 쉬었는데 역시나 뭔가 잘 안맞는 느낌 내가 이걸 뭘 읽고 있는가 싶더라구요 읽으면서 상상이 안되고 이해도 안되고 글자만 읽고있는 나를 발견 나중에 한번 다시 읽어보려고 합니다	35
단편선들이 하나하나 전부 재미있고 법앞에서와 변신은 몇 번씩 계속 반복해서 보고있습니다 사길 너무 잘했네요	35
재밌어요. 카프카의 작품을 좋은 번역으로 다시 읽으니 또 좋습니다.	35
재밌어요. 천재는 천재네요. 감탄하며 읽었어요	35
소장가치있는 단편들이에요. 처음 접하였는데 충격적인 참신한 소재라 놀라면서 봤네요. 사실 이해하기 어려울땐 다른분들 리뷰보며 봤어요. 오랜만에 재밌었습니다.	35
카프카에 대해 알 수 있는 책 책 디자인이 너무 예뻐요	35
며칠만에 완독 했습니다 두고두고 읽을 것 같네요 추천합니다	35
"너무 재미있게 읽었어요
추천합니다"	36
어른아이 할것없이 누구에게나 재미있는책	36
좋은 책인 것 같습니다.	36
후속편 기대해 봅니다.	36
아이가 정말 재미있게 읽었다고 저에게 추천해줘었습니다	36
와이프가 넘 좋아합니다 감사합니다	36
학교에서 듣고 구매해달라는 아들래미 재밌어하네요.	36
재밌어요. 추천합니다	36
너무 좋습니다 감사히 잘 읽겠습니다	36
마음의 안정을 주는 책이예요	36
재밌게 술술 읽히고 오랜만에 따뜻한 책이었습니다	36
좋은책 추천합니다.	36
마음이 따뜻해지는 책입니다	36
재미있게 읽었습니다	36
"재미있어요
편의점 시리즈"	36
바다가 들리는 편의점 꼭 읽어보세요	36
서로 이해해 나가는 등장인물들과 사전들을 보며 힐링하게 되네요 너무 억지스러운 감동이 아니라 좋네요	36
지인 추천으로 구매했어요	36
"이야기가 많아서 두께가 좀 되지만 잘 읽혀요
다양한 사람 사는 이야기"	36
읽으면서 여운도 있고 잘 읽었어요	36
"결국 스토너는 나였습니다
주저했으나 나아갔고
나아갔으나 미비한
결국 나의 이야기"	37
그저 평범해 보이거나 혹은 실패한 인생처럼 보일수도있지만 사실 곰곰히 읽고 생각해보면 정말 보통의 삶의 일대기입니다. 개인적으로 소설의 마지막 구절을 읽고나서 바로 책을 덮지말고 다시 첫 번째 페이지의 첫 번째 문단을 읽어보기를 추천합니다.	37
우리가 스토너다. 어찌보면 평범한 한 개인의 이야기. 또 달리 보면 한 인간의 삶을 통해 우리의 모습을 발견하는 안도감을 내주는 이야기. 그러면서.. 나만 그런게 아니구나.....	37
인생을 조용히 생각해 볼 수 있는	37
"무게감과 함께 절제된 문체에서 오는 여운과 감동
진정한 클래식이다"	37
특별한 것이라고는 없는 한 남자 스토너의 일생을 담담히 쫓아가는 이야기이다. 특별한 사건 이야기 없이 조용히 살아가는 스토너를 쫓아가다보면 지겨운 감이 들법도 하지만 전혀 그렇지 않다. 재미는 아니지만 그렇다고 그만 읽고 싶다거나 지겨운 생각은 들지 않는다. 작가의 탁월한 글솜씨 덕분인지는 모르겠으나 이내 스토너에게 공감하게 되고 그의 입장에서 책을 읽게된다. 책을 다 읽고 난 후에는 어떻게 이런 평범하다고 생각되는 책에서 이런 감동이 밀려오는지 의아해질 정도이다.	37
뭔가 얻은 것 같은데 성공한 것 같은데도 허전하고 고독한 시간은 멀어지지 않고 쓸쓸함을 부르곤 한다. 어느 날 갑자기 뒤돌아보니 삶의 끝에 서 있다는 것을 발견할 때 밀려드는 외로움까지도 익숙하다. 그럴 때 발견하고 싶은 건 단 하나일지도 모르겠다. 평생을 두고 내가 열정으로 품었던 것 단 하나를 떠올릴 수 있다면 그 평범함이 차곡차곡 쌓여 만든 인생이 특별해 보일 것 같다. 스토너에게 그 특별함을 부여했던 건 아마도 문학이었으리라. 그 순간이 그의 마지막이 되어버릴지라도 그의 평범한 삶이 문학이 된 순간에 고독과 쓸쓸함 외로움마저 그의 곁을 떠나갔을 것 같다. "세월이 정말이지 날 듯이 흐르고 있어.(355페이지)"라고 말하는 그의 표현에서 결국 그가 종착역에 도달한 것은 아닐까 생각했다. 그 문학의 정점에 다다른 사람이 했던 말. '넌 무엇을 기대했나?'라고 자신에게 계속 물으며 삶을 반추하는 그의 모습이 눈에 선하다. 나와 다르지만 닮았고 닮았지만 다른 그의 이야기를 금방 잊지는 못하겠다. 한 사람의 서사가 그것도 너무 평범해서 익숙한 삶이 소설이 된 건 우연이 아니었을 거다. 그의 손에서 떨어진 마지막 책이 보여준 건 책(문학)과 그의 인생이 운명이라는 정의였을지도... 아름다운 소설이다.	37
별거없는 평범한 내용이라 생각했는데 잡는순간 반이상을 읽고있는…잔잔하지만 깊게 파고드는 뭔가가 있다	37
많은 친구들 추천으로 구입합니다. 이번 여행에 함께 하려구요!	37
인생에 대한 인생 책.	37
문체가 깔끔하고 묘사 역시 간결해서 읽기 쉽습니다. 영화 한 편을 본 것 같습니다.	37
우리들의 삶과 다르지 않았던 스토너의 삶을 통해 제3자의 시선으로 내 삶을 돌아볼 수 있게 만든 책이었다	37
재밌습니다. 소장하길 잘했어요	37
잔잔한 한 편의 영화 같은 이야기.	37
문학을 업으로 삼고 싶었지만 그러지 못한 이들에게 들려주는 이야기	37
평소에 읽고 싶었던 책인데 재밌습니다.	37
추천글 보고 구입했는데 읽기를 잘했습니다	37
한 사람의 생애를 책 한 권으로 삼킬 수 있다니.. 그리고 이게 소설이라니.. 읽을수록 잔잔하게 휘몰아치는 맛이 있는 책이다.	37
나 자신을 다시 생각해보게되는 천천히 읽기 좋은책	37
다들 인생 소설이라고 추천해서 읽어봅니다	37
"내가 태어나기 약 2년전 1980년 5월 광주에서 외치는 소리를 지금 2016년 5월에 듣는다. '기억해주세요' 라는 외침을...
내가 보지 못한걸 기억하기 위해 [소년이온다] 책을 펼쳤고 영화 '화려한휴가'를 봤고 '솔아 솔아 푸르른 솔아' 음악을 들었다.
내가 할 수 있는 일이라곤 기억해주는 것 잊지 않는 것 몇년이 흘렀지만 같이 분노해주고 슬퍼해주는 것 이것 뿐이다.
소설 속 표현처럼 '희생자가 되지 않기위해' 죽을 것을 뻔히 알면서도 이기지 못할 것을 알면서도 나몰라라 피하면 그만인 것을 지은이 한강의 표현처럼 '인간이 무엇이지 않기 위해 무엇을 했던' 1980년 5.18 광주 민주화운동 그들을 기억한다.

읽기 전 마음의 준비를 하고 읽는 것을 권한다. 문학평론가 신형철의 추천사 표현 처럼 '[소년이 온다]는 한강이 쓴 광주 이야기라면 읽는 쪽에서도 마음의 준비가 필요하겠다고 각오한 사람조차 휘정거리게 만든다'
5월이니까 5월에 읽기 적합한 책이라 가볍게 선택하고 읽었는데 읽는 내내 마음이 불편했다. 광주를 다시 읽고 광주를 관광이 아닌 추모로 방문하고 싶다."	38
이 책을 읽기 전과 후의 저는 다른 사람인 것 같습니다	38
역사를 알고 있어야 아픈 역사를 또 만들지 않을것이다..	38
그때 그 시절 그 참혹했던 역사속에서 죄가 없던 사람들의 이름과 애국가 소리가 마음 속 깊숙히에서 절절히 울려 퍼진다 살아남은 자들은 무엇을 위해 살아남았고 죽은 자들은 무엇을 위해 죽었나 책을 읽으면 알 수 있을 것 같다. 광주의 그 며칠간의 날들은 모든 이에게 아픈 시간이라는 걸.	38
읽고나서 늪속에 빠진 기분이였어요. 너무도 좋은책이에요	38
한강 작가 글은 ..모두 좋습니다. 특히 이 책은 더 강렬하네요..	38
"역사를 잊고 살아갈 순 없습니다.
정작 읽어야할 사람들은 안 읽는 것 같네요."	38
잊지 말아야 할 역사	38
마음아픈 감동이었어요	38
페이지를 넘기는 매 순간이 마음 아프지만 그래도 더 많은 사람들이 읽었으면	38
도저히 인간으로서 할 수 없는 죄를 저지른.. 악행을 행한 자들은 아직도 숨쉬고 있는데.. 여리고 어린.. 아무 잘못없는 이들은 차디찬 땅 속에 묻혀.. 그게 현실이라는 점이.. 부끄러운 역사가.. 슬프다	38
"참혹한 역사.
그 속의 사람들.
읽는내내 먹먹함만…"	38
광주의 이야기를 소년에 눈으로 이야기한 우리시대 아픔입니다.	38
그때 그 곳에서 그랬구나. 사람들에게 말도 안되는 일들이 있었구나 이 작품을 통해 분명 있었던 일을 알게 해 줍니다	38
역시나 정말 좋은책입니다	38
이 책을 읽었을 때 작가의 시점이 차례마다 계속 바뀌고 몇 번 생각을 해야 이해할 수 있는 말이 많이서 처음에는 힘들었다. 그래서 인터넷이나 유튜브 sns등을 찾아보면서 겨우겨우 이해하면서 봤는데 가슴이 너무 아팠다. 광주는 내가 사는 곳과 그리 멀지 않은 곳인데 이렇게 가까운 곳에서 이런 일이 일어났다는게 믿기지가 않고 같은 우리나라 민족이 그런 잔인하고 처참한 짓을 했다는 것도 믿기지 않고 비참했다. 이 책은 약간의 어려움이 있어서 좋았던 것 같다. 덕분에 더 열심히 찾아보게 되고 가끔씩 작가의 표현력에 놀라기도 했다. 이 책을 읽고 광주 역사 기행을 가게 되었는데 좀 더 쉽게 이해할 수 있었다. 이 책은 한번 읽는게 아니라 몇 번이고 읽어야하는 책이라는 것도 알게되었다. 다른 사람들에게도 많이 공유하고 나도 많이 읽어봐야겠다.	38
읽는 내내 아프지만 꼭 읽어야 하는 책!	38
왠지 읽어보고 싶은 책이라서 구입했는데 꼭 읽어봐야되는 책이 됐어요!	38
채식주의자보다도 이 책이 더 좋았습니다. 단숨에 읽어버렸지만 오래 마음에 남았습니다	38
영혼하고 얘기하고 싶었으나 얘기하는 방법을 배우지 못했다.....	38
"거의 기대를 하지 않고 책을 구매했기에.....책장에 한 달 이상 방치되어 있었던거 같네요. 무심결에 책장에서 반짝이는 책이 있길래 읽기 시작했는데....아니...이런....정말 나미야 잡화점 속으로 깊숙이 빨려들어가 버렸습니다. 제일 기억에 남는 장면이 아마추어 뮤지션의 죽음...그리고 단편인 듯한 내용이 결과적으로는 모든 내용과 연결되어 있다는 줄거리를 보고는 감탄을 금하지 않을 수가 없었습니다.

진심으로 이 책을 읽는 동안 만큼은 편안한 상상의 나래를 펼쳤고 감동을 그대로 받았습니다. 잘 읽었습니다. "	39
마음이 따뜻해진다!	39
아이가 술술 읽힌다고 합니다	39
기대한 책은 아니었는데 생각보다 재밌어요	39
나를 위해 샀어요. 술술 읽을수 있어요..	39
힐링물일 줄은 몰랐네요. 모두 감동 터지는 이야기에 책을 덮고 나서도 감정이 남네요.	39
딸과 재밌게 읽고 있어요	39
이야기가 연결되어 하나씩 풀어가는 재미가 있고 순식간에 다 읽게 되네요. 재밌습니다.	39
희망을 주는 책이에요	39
술술 읽히고 내용이 너무 좋네요 이 책으로 책 읽기 시작하면 좋을거 같아요	39
내용도 어렵지 않고 읽기 좋아요	39
유명한 작품이라 구매해봤습니다..	39
아이들이 재미있게 읽을 수 있습니다	39
마음이 뭉클해지는 따뜻한 작품이었습니다	39
나미야 잡화점은 너무 따뜻한 책이다 내가 간절한 절실한 답을 알고 싶을 때 이곳에 그런 곳이 있다면 좋겠다 세 명의 그저그런 청년들이 성심을 다해 과거의 그들에게 해준 조언도 좋았고 나미야 사장님의 진심어린 조언 그 속에서의 고뇌도 좋았다	39
사연 하나 하나 몰두하여 나를 돌아보게끔하는 책.	39
"나미야 잡화점이라는 공간에서 일어나는 마법같은 이야기. 옴니버스 같은 이야기들이 모여 하나의 큰 그림을 완성시키는 이야기는 히가시노 게이고의 취미생활같은 글 처럼 느껴졌다. 나도 내 삶을 기록하고 글을 써보고 싶은(어디까지나 취미로) 생각이 들 때가 있는데 이 양반은 취미생활도 글쓰기인가 싶을 정도로. 취미생활에서 본업이 부캐에서도 본캐가 문득문득 드러나는 것 처럼 히가시노 게이고도 말랑한 글을 어깨 힘 빼고 써보자 했지만 짜임새있는 구성과 사회적 배경까지 풍부하게 엮어내는 스스로의 정체성은 작품 곳곳에서 드러났다.

마음까지 따뜻해지는 다양한 이야기 겨울에 읽기 좋은 소설이었다. 3장까지는 글이 휙휙 읽혔다. 마치 히가시노 게이고의 다른 소설을 읽듯 다소 간의 긴장감까지 느껴졌던 것 같다. 그 이후는 또.. 뭔가 연관이 있겠지하는 다소 반복되는 패턴에 피로감도 있었던 것 같지만 각 이야기 자체의 완성도는 높았다. 그리고 마지막까지 끝난 후 그 이야기를 곱씹어보면 그러한 반복을 통해 마치 에셔의 테셀레이션 작품이 완성된 것 같은 편안함을 느끼며 만족스럽게 책을 덮을 수 있었다."	39
"고민을 누군가에게 털어놓고 누군가가 들어준다는 것이 누군가에게는 삶의 의미를 돌아보고 선택할 수 있을 것입니다.
책 속의 나미야 잡화점처럼 고민을 들어주고 답장을 써주는 그런 상담실이 현실에도 있었으면 좋겠다는 생각이 들었습니다."	39
"히가시노 게이고 작가 팬이에요. 이 책이 시작이었지요. 그 뒤로 약 40권 정도 더 읽었고 앞으로도 읽을 예정인데요.
이 책은 top3안에 들어갑니다. 제목을 참 잘 짓는 작가라는 생각이 듭니다..
소장하고 싶어 읽고나서 구매했습니다."	39
새로운 도전 앞에서 막막해하는 사람에게 선물하기 좋은 책	39
어떤 의도인지는 알겠지만 전반적으로 몽롱하고 막연한 느낌.	40
유려한 한강의 글은 난해한 내용도 깊은 생각의 골로 이끄는 마법이 있다	40
최고의 악몽. 부커상 수상작이라고 해서 .. 도대체 어떤 이유로 상을 받았을까?하는 궁금함에 구입해 읽어 보았으나 지금 후회가 폭풍처럼 밀려온다. 함께 구입한 한강의 다른 두 책은 어떻게 할 것인가?... 그냥 버릴까? 작가의 이런 종류의 광기에 너그러운 요즘 세상이 싫다. 가슴이 서늘해지고 속이 메스껍다. 그리고 이런 글들이 출판되고 상까지 받을 수 있는 세상에 살고 있다는 것이 슬프다.	40
생각치도 못한 이야기의 연속이 책을 놓을 수 없게 합니다.	40
아 제발 이런건 19 좀 붙여주세요. 알아서 피해갈게요..	40
작가님 너무 잘봤습니다 	40
좋은 상품 감사합니다	40
푸코의 '광기의 역사'에서 정신질환을 가진 무녀가 왕과 지근거리에서 신의 계시를 들려주던... 아주 오래전엔 이렇게 사회의 한 구성원으로 우리 곁에서 신탁을 내려주던 광인의 역사를 확인할 수 있다. 수 세기 후 질병으로 명명되어 대감금의 시대가 지난 지금. 우리는 더이상 신탁이 없는 시대를 살고있다. 수십세기 동안잊혀진 그 신탁을 작가 한강은 대감금의 시대를 넘어 어떤 경고도 없이 독자들에게 넘겨주었다. 채식주의자를 읽는 동안 광인 영혜는 내 정신이 아득해 질 정도로 나를 할퀴었고 할퀸 자국에서 오롯이 돗아난 핏방울들은 다양한 폭력에 대한 신탁이었다. 대감금의 시대를 넘어온 신탁을 돌려 보낼지 말지는 독자의 권리이다. 하지만 그렇다고 한강을 비난하지 말기를 부탁한다. 아주 오래전 이런것이 있었다는걸 꺼내어 든것 뿐이니...	40
채식주의자 재밌어요!	40
한강 작가의 작품은 믿고 봅니다.	40
압도적인 감정몰입이 가능한 책	40
내용 좋고 잘 읽힙니다.	40
재미있고 공감가는 내용입니다	40
인사이트가 있는 책입니다. 잘 읽을게요	40
재밌는 내용이었고 다시 읽을 마음도 있네요!!	40
기대안했는데 너무 재밌네요.	40
유명해서 구입해봤어요	40
"궁금했습니다. 쉽지 않았지만 그래도 잘 읽었습니다.
한번 더 읽어보려 해요."	40
워낙 유명한 작품이라 큰 기대를 가지고 읽었지만 너무 기대가 컸던 것 같다. 너무나 폭력적이라는 평을 읽고 책을 읽었지만 내용은 나에게 큰 충격을 주었다. 하지만 글의 폭풍같은 전개는 나를 휘어잡고 요동을 첬다. 수많은 페미문학들이 이 책을 따라하는듯 하다. 하지만 이 책을 잘못 해석 하고 따라하는 듯하여 애석하다.	40
"이 책은 정말 흡입력이 좋은 책입니다.
읽기 시작하면 멈출수가 없어요.

인간상에 대한 묘사가 정말 디테일해서
읽는 내내 많은 생각을 하게 만드는 책이었어요.

추천이 많아 가벼운 마음으로 읽기 시작했다가
많이 깨달았습니다"	40
"읽는 내내 마음이 울렁거렸습니다 제가 정말 애정하는 작가님의 첫 장편소설을 읽는 설렘인지 인물과 하나가 되어 느끼는 슬픔인지 헷갈렸는데 다 읽은 후에 곰곰이 생각해 보니 둘 다였구나 싶었습니다 읽는 동안 정말 많이 울었어요 작가님이 적은 문장들은 모두 따뜻한 손을 가지고 있어서 문장 하나하나가 다친 마음을 어루만져주는 것 같았습니다 더위가 괴롭게만 느껴지는 요즘 책을 읽으며 희령의 밤바다를 상상하는 동안에는 선풍기가 만들어내는 인위적인 바람이 꼭 바닷바람 같네요 인생의 가장 어두운 부분을 지나고 있다고 생각되는 요즘을 제목 그대로 밝게 비춰주셔서 고맙습니다 덕분에 어둡게만 느껴졌던 저의 밤이 끝나지 않을 것 같던 깜깜한 밤이 조금 더 밝은 밤이 되었어요 최은영 작가님의 소설은 그런 힘이 있는 것 같아요 일으켜 세워주기보다는 함께 주저 앉아 울어주기도 하고 토닥여주기도 하면서 차분한 위로를 건네는 힘이
작가님의 이야기를 오래도록 읽고 싶습니다
이 소설을 읽는 내내 이 생각뿐이었습니다
좋은 소설을 읽게 해주셔서 고마워요"	41
"최은영작가의 신작 밝은밤은 혼술과 제법 잘어울리는 느낌입니다.

전엔 따뜻했던 느낌의 글들이 좋았다면 이번 첫 장편은 다양한 색을 표현하는 작가님으로 나아간 것 같아 독자로써 참 기분이 좋았습니다.

조금 예전 관점의 느낌이있지만 그래도 잔잔히 흘러가는 긴 흐름이 지금 자신의 모습 등을 돌아보게 하는 소설인 것 같아 추천드립니다."	41
"우주의 한 낱 먼지에 지나지 않는 존재라는 것이 위로가 될 수 있음을 이 책으로 느낍니다.
문장마다 가슴을 파고드네요."	41
작가님 작품은 항상 따뜻해서 좋아요	41
"작가님의 글의 힘으로 인물들 모두에게 너무 몰입되어 읽으면서 감정이 차곡차곡 쌓여 눈물이 목까지 차고 울음이 터지기를 몇 번이나 반복했는지 모르겠습니다. 신파가 아니라 오히려 담담하게 자신의 아픔을 참아가며 상대를 위하고 세대를 거슬러 서로를 치유해주며 각각의 시대를 이겨낸 여인들의 모습들이 가슴에 오래 남을것 같아요.
작가님의 내게 무해한 사람을 읽고도 저도 모르게 오열한 적이 있었는데.. 제가 마음속 깊이 가지고 있던 슬픔과 아픔을 글의 인물들을 통해 강하게 느끼게 되어 그런거 같습니다. 눈물이 터지면서 저도 모르게 치유되는 느낌마저 가졌습니다. 첫 장편이신데도 손에서 뗄수 없었고 이번 책 역시 저에게는 잊지못할 감동적인 책으로 기억될것 같습니다."	41
"쇼코의 미소를 접하고 나의 최애 작가가 된 최은영 작가님의 첫 장편이라 예약해서 받자마자 단숨에 읽었습니다. 한동안 글을 못 쓰셨다는 작가님의 인터뷰 기사를 읽고 마치 내 일인양 마음이 안 좋았는데 이런 좋은 책을 쓰시려 힘든 시길 건너신 듯하여 책을 덮고 무겁던 마음이 조금은 풀렸내요.
우리나라 근현대사는 너무 아픔이 많아 그 아픔을 담아내는 작가들의 방식이 다양한데 젊은 최작가님이 그 아픔을 담아 낸 글이 지금 또다른 힘듦을 겪고 있는 우리에게 위안을 주는 듯 하네요. 그 힘듦을 견뎌냈듯이 우리도 이 책의 제목처럼 밝은 밤을 즐길 수 있길 바라봅니다"	41
클로버 하트 100개 표시하고 싶어요! 맨 뒤 '작가의 말'중에 물주머니 같았다는 얘기가 있는데 이 책 읽는 내내 저도 물주머니 같았어요. 그렇다고 슬프거나 마음 아프기만한 게 아니라 책 내용 중에도 있는데 마음을 꺼내서 그 물주머니 물로 깨끗하게 씻어서 말린 느낌이었어요. 최은영 작가님 작품은 항상 고여있는 마음을 흐르게 해줘서 좋아요. 햇살 반짝이는 개울물 같아요.	41
읽는 내내 먹먹했어요. 작가님 너무 애쓰셨어요. 정말 잘읽었습니다.	41
문학동네 북클럽으로 티저북을 받아 봤습니다. 저녁 내내 3시간 동안 눈을 떼지 못하고 펑펑 울면서 읽었네요. 증조모와 새비아주머니의 서로를 살려내는 깊은 우정과 아직 앞 부분이라 나타나지 않았지만 앞으로 나올 주인공과 어머니의 이야기까지 어떻게 풀어져 나올지 너무 기대됩니다.	41
무조건 믿고 보는 최은영 작가님! 전 감동받을 준비가 되어있습니다. 정말 기대됩니다!!	41
이 시기의 나는 사람이 아니었던 것 같은데 누가 톡 치면 쏟아져내릴 물주머니 같은 것이었는데 이 소설을 읽는 일은 그런 내가 다시 내 몸을 얻고 내 마음을 얻어 한 사람이 되어가는 과정이었다.	41
나 엄마 외할머니 증조할머니… 그녀들의 삶.. 닮아서 아프고 상처받고 상처 받지 않으려하고.. 아픈 마음이 눈에 보이는 것처럼 너무 와닿았다… 마지막에는 눈물이.. 점차 치유해가는 것처럼 느껴져서.. 아프고 좋았다.	41
한 장 씩 넘길 때마다 아까워지는 책.... 돌아가신 할머니의 청춘을 상상하가다 같이 누워 낮잠자던 때가 그리워지는 그런 책이라서 그런가? 읽다가 눈물이 나기도 하다가....	41
근래 읽은 책 중 가장 따스한 소설이었어요. 큰 위로가 됐습니다	41
한동안 따뜻함에서 헤어나오지 못했습니다	41
"최은영작가님 책 처음 읽어봤어요. 너무 재밌어서 반 읽었는데도 여기저기 추천하고 다녔어요.
제 외할머니도 영옥 할머니와 비슷한 시대를 사셨어서 저희 엄마가 미선 아주머니와 비슷한 가정에서 자라와서 엄마와 외할머니의 얘길 듣는 것같아 너무 가슴 아팠어요. 가끔 이런 울분을 어떻게 털어버려야 할 지 몰랐었는데 읽으면서 엉엉 울면서 좀 덜어냈던거 같아요. 너무 재밌게 읽었습니다."	41
오랜만에 책을 읽었습니다. 일단 이 책을 선택했던 이유는 북카드에 적힌 책 속의 문장 때문이었습니다. 그래서 선택했고 읽게 됐습니다. 문장 하나하나가 따뜻한 기분을 느끼게 했어요. 어떤 문장은 이해하게 하고 또 어떤 문장은 공감하게 하는데 최은영 작가님의 문장은 이해하고 공감할 수 있게 해줬어요. 등장인물이 느끼는 감정을 마치 내가 느끼는 감정처럼 느끼게 해주는 게... 나중에는 눈물이 펑펑 쏟아지더라고요. 처음부터 끝까지 모든 인물에 공감하고 이해하게 됐습니다. 그래서 더 애틋했고 즐거웠고 그때 그 시절에 살았던 사람처럼 마음이 아팠습니다. 이 책 덕분에 작가님을 알게 되어서 너무 즐거웠고 행복했습니다. 장편소설은 처음이시라고 들었는데요. 작가님 앞으로도 장편소설 자주 내주세요. 작가님 책은 그냥 믿고 보겠습니다. 이 책을 아직 읽어보지 못하셨으면 꼭 읽어보시기를 추천 드립니다. 정말 재미있고 마음을 뭉클하게 하는 내용이에요. 모든 등장인물들의 상황을 사연을 이해하고 공감하게 되는 기분을 느끼시게 될 겁니다.	41
"삼천이와 새비 영옥 미선 희자 명숙할머니와 지연이까지 만날 수 있어서 행복했다.

일제 전쟁 중 전쟁 후 그리고 바로 우리네 어머니 세대까지는 당신들에게 결혼이 필요시했다. 평범하게 살기 위해 남자를 선택하고 함께 살아야 한다는 마음으로 살아온 당신들의 이야기를 읽어내며 마음이 아팠다. 4대에 걸친 이야기지만 어렵지 않게 느껴졌다. 작가님이 탄탄하게 구성하신 덕도 있지만 정말 우리가 겪었고 겪어가고 있는 이야기여서 잘 읽히는 듯했다.

이혼하고 희령으로 내려간 지연을 속으로 얼마나 응원하며 읽어냈는지 모른다. 진정어린 위로가 필요한 지연에게 다 괜찮다고 말해주고 싶었다.

얼마만에 웃고 울으며 소설책을 단숨에 읽어냈는지 모르겠다. 밝은밤은 매번 다른 상황이지만 자신을 탓하는 당신들에게 괜찮다. 네 탓이 아니야. 라고 다독여주는 책이다."	41
마지막 장 희자의 이메일을 읽을 때 가슴이 뜨끈뜨끈해졌다. 희자와 영옥 새비와 삼천 그리고 미선과 지연 정연의 얼굴까지.....알 수 없는 곳 희령 바닷가 모래사장 위에 그들을 나란히 세워본다. 내가 카메라의 렌즈가 되어.	41
나 또한 위로받았다.. 책 읽는 내내 몇번을 울었는지 모르겠다	41
중3 국어 시간에 독서수행평가로 준비했어요. 잘 읽히네요	42
처음엔 어색해서 넘기기 어려운 감도 있는데.. 결국 눈물을 흘리게.하는....	42
아이가 빨리 읽어지진 않는다네요	42
동물권에 인식을 한층 끌어올린 책	42
중학교 2학년 정도 딱 읽기 좋아요	42
SF소설을 재미있게 읽은 적이 없는데 이 책은 엄청 잘 잘 읽히고 재미있어요. 1시간 안에 다 읽었어요! 정말 추천하고싶은 책이에요!	42
따뜻한 sf소설이네요	42
책에서 무언가 여운과 감동이 느껴지며 좋은 책입니다	42
도서관에서 읽어보고 또 보고 싶어서 구매했어요 콜리 짱	42
재밌어요 잘 읽었습니다	42
"저희 가족에게도 제 삶에도 콜리와 같은 존재가 찾아오길 찾아내길 바라요
콜리와 같은 존재가 찾아와도 어려움과 상처를 해결하는 과정은 순탄치 않겠지만
끝내 작은 행복의 순간들로 시간이 흘러가길
그런 24년도가 되길!"	42
정말 재밌게 휘리릭 읽을수 있어요	42
빠르고 쉽게 읽혀지는 책이었어요	42
얼음 속 보일러... 너무 따뜻하고 힐링되고 마지막엔 오열	42
올해 읽은 소설 중 가장 좋았습니다	42
아직 다 못 읽었는데 기대돼요 	42
읽고 나서 조카에게 선물로 다시 구입했습니다. 재밌습니다	42
다양하게 생각해볼 수 있는 책이었습니다.	42
책 좋아요 작가님 다른 책도 읽어야겠어요	42
각박한 세상속에서 반드시 치뤄나가야만 하는 전쟁같은 하루하루. 지금의 내가 살아가고 있는 모습이 마치 정해진 자리에서 정해진 일만 반복하고있는 감정없는 깡통이 아닐까 싶었어요. 너무 완벽하지 않아도 괜찮으니 진심을 다한 과정 자체를 격려하고 만족할 줄 알아야 하는데 늘 결과에만 치중된 삶을 살아오고 있다는 것을 알면서도 애써 모른척 해왔던 것 같아요. 조금은 내려놓고 중간중간 쉼표도 찍어가며 가끔은 조금 멀리서 내 삶을 바라보는것도 좋을 것 같아요.	42
요즘 날씨에 가볍게 읽기 좋은 것 같다. 이 책을 구입하시는 분들이라면 소장용으로 구입하시는 분들이 많을텐데 제가 이번에 읽어보니 오탈자가 6군데가 되는데 이 정도면 너무 심각한 것 아닌가 싶고 저는 다시 이 책을 물리고 잘못된 부분 수정이 되서 4판이 나오면 그때 다시 구입하고 싶네요.	43
이 책은 상술...하루키와 하루키 팬들만 욕보이는 책	43
몇 개월 전에 한정판이란 이름으로 절판시켜놓고 다시 이름만 바꿔 판매하는 상도덕 쓰레기마인드 돈독 오른 민음사. 소비자를 갖고 놀지마라	43
정말 형편없는 내용의 책이다. 청소년들의 성적 고민등만 잔뜩 언급한 남는 것 하나 없는 쓰레기 같은 책이다.	43
음....왜 명작인건지…	43
하루키의 오래된...묵묵히 티 안내는 팬으로써 한마디 남깁니다. 기존에 발간되었던 책들을 제목을 바꾼다던지 수필집을 한 데로 묶었다든지 했을 땐 얘기 좀 해주고 팝시다 상실의시대와 같은 책이란 안내멘트 정도는 해줘야지요 하도 같은 책을 속아서 여러 번 사다보니 씁쓸해서요	43
"소장하고 싶어서 상실의시대로 번역된 책이 아닌 노르웨이의숲으로 샀다. 20대 초반 어렸을때에는 도대체 뭔 소리를 하는건지 전혀 공감가지 않았던 이 책이 30대가 되고나서 다시 읽고 싶어졌다.. 너무 큰 상실감을 경험해서였을까..?
온전히 이해되는건 아니지만.. 나오코와 미도리 사이의 나를 발견하게되었다.. 성장소설이라고 보면된다
나도 이렇게 큰 아픔들을 경험하면서 더 굳어지고 성장해가는거라고 생각한다.."	43
시원한 가을날 읽으면 감성이 풍만해짐을 느낀다.	43
"마지막 부분의 그 감동
슬프고도 현실적인 스토리에
박수와 갈채를 보냅니다

이 책 한권으로
무라카미 하루키의 팬이 되어버렸습니다

방금도 하루키의 작품
여러개를 장바구니에 담고
결제 합니다

무슨 말이 필요없습니다

한마디로
최고였습니다

이 작품은 꼭 접해 보시라고
권해드립니다

특히
감수성이 풍부하신분과
맘 여리신분들은 꼭 보세요"	43
"제목을 참 잘지은 책이다. 노르웨의 숲도. 상실의
시대도.."	43
읽고 나니 허무주의를 느낄 수 있군요	43
잊을 만하면 찾아 읽어요	43
정말 재미있게 읽고 제 스스로가 어두운 감정에 빠지는 것이 꽤나 재미있었습니다.	43
시간이 지나 다시 읽어도 좋네요	43
음… 저는 이 책이 좋은책인지 잘…. 잘 읽히기는 하는데 왜 하루키 하루키 하는지는 잘.. 각자 취향이겠죠? 전 아직 무라카미 하루키를 이해하기에는 부족한가봅니다.	43
가독성은 최고이다. 그래서 작가 '무라카마 하루키'의 소설이 높게 취급 받는 이유인 것 같다. 근데 내용은 글쎄이다. 일본야동을 글로서 보는 수준이다. 끝까지 완독을 한 후에는 나름 의미가 있단 생각도 들었지만 자살 남녀관계 등 말초적 비관적 내용만 있다.	43
"상실의 시대만 두 번 읽었는데
다른 번역이 궁금해서 구입했습니다.
유유정 번역이 눈에 익어서 그런지 양억관 번역이 어색하게 느껴지네요."	43
그냥.. 그렇네요…	43
생각보다 재밌고 술술 읽혀요	43
"매번 읽을때마다 달라요
그래서 매년 계속 읽게됩니다"	43
다시 읽으려고 샀어요	44
티비에서 많이 언급되길래 구입했는데 아주 재미있어요	44
읽으면서 명언같은 글귀 찾는 재미가 있습니다.	44
고전으로 읽기 좋습니다	44
좋은 명작이었습니다	44
읽고싶었던 책 얇아서 좋네요	44
"시를 읽는 느낌 몽환적인 스토리
자주 다시 읽을 것 같습니다"	44
재밌게 읽으려합니다.	44
조용한 밤에 끊지 말고 천천히 읽어보세요.	44
그야말로 설명이 필요없죠	44
필독서입니다. 감사합니다.	44
고전은 다르다는 것이 느껴져요	44
명작은 명작 진한 감동이 있어요	44
역시나 재밌게 잘 읽었습니당	44
아이가 좋아하는 책입니다.	44
좋아요 재미있어요 촤고	44
알지만 읽지 않았던 책. 오늘은 이 책을 구입하고 나를 되돌아보며 읽어봅니다	44
"먼 바다에서 펼쳐지는 노인의 고독한 사투!
미국 현대 문학의 개척자라 불리는 어니스트 헤밍웨이의 대표작 노인과 바다. 퓰리처상 수상작이자 헤밍웨이의 마지막 소설로 작가 고유의 소설 수법과 실존 철학이 집약된 헤밍웨이 문학의 결정판이다. 한 노인의 실존적 투쟁과 불굴의 의지를 절제된 문장으로 강렬하게 그려냈다. 십여 년 동안 이렇다 할 작품을 내놓지 못했던 헤밍웨이는 이 작품을 통해 작가적 생명력을 재확인하고 삶을 긍정하는 성숙한 태도를 보여주었다. 개인주의와 허무주의를 넘어 인간과 자연을 긍정하고 진정한 연대의 가치를 역설한다. 감정을 절제한 문체와 사실주의 기법 다양한 상징과 전지적 화법을 활용하여 작품의 깊이를 더했다."	44
누구든지 한번쯤은 읽게 될 책입니다	44
국어 수업 시간에 독후 활동으로 읽고 있어요	44
애정하는 작가님의 신작. 오래 기다린 만큼 기대 가득. 아직 다 읽지 못했지만 마음이 따뜻해질 거 같습니다.	45
베어타운 시리즈의 올바른 마무리	45
힐링 그 자체인 챌	45
"역시 베크만은
이야기꾼 맞네요.
베어타운 가상의 마을이겠지만
애정이 가요."	45
애정하는 베어타운 이야기	45
"베어타운. 우리와 당신들. 이후의 삶을 볼 수 있어서 좋았다
마음을 애프터 서비스해주는 것 같다"	45
다른 작품들을 너무 잘 보고 신간이 나와 주문했어요. 펼쳐보기도 전부터 다 읽기가 아까운 느낌이 듭니다. 정말 기대돼요	45
프레드릭 베크만의 책을 기다리고 있었어요. 베어타운을 재미있게 읽고 우리와 당신들로 감정을 나누고 끝나는가 했는데 이번 작품이 후속작이라하니 기대됩니다	45
약 10년 전에 표지가 너무 마음에 들어서 산 낯선 작가의 책이 있었다. 제목도 세련보다는 뭉툭함이 느껴질 정도여서 내용에는 기대가 없었지만 인테리어 용으로 두기에 너무 컬러가 예뻐서 구매했다. 그리고 한동안 책꽂이에 꽂아 놓은 채 잊고 있다가 갑작스럽게 읽게 된 책. 바로 오베라는 남자였다. 첫 느낌을 말하자면 작가가 남자라는 것을 확실하게 알 수 있을 정도로 문장이 뭉툭 뭉툭하였다. 투박하다는 것과는 좀 다른 느낌으로. 책장이 넘어가면서 날이 어두워지는 것도 모르고 주말을 쏟아부은 책이다. 이때부터 나는 이름조차 생소한 프래드릭 배크만이라는 작가에 빠져버렸다. 이후 나오는 책들을 꾸준하게 읽다가 이번에 위너를 손에 잡게 되었는데 정말이지 독자를 실망시키지 않는 작가라는 것을 다시 한번 경험했다.	45
"어떤 사건으로 마음을 닫고 누군가를 미워하고 증오한 적이 있다면
이 마을 사람들의 스토리를 더 공감할 것이다.
우리는 어쩔 수 없는 개인이자 공동체의 일원이다.
증오와 혐오로 갈라진 두 마을이 어떻게 봉합되어 가는 지를 보며
우리의 삶도 돌아볼 수 있다."	45
"먼저 '오베라는 남자'로 유명한 '프레드릭 배크만'의 신작 소설로 이미 미국에서는 175만부나 팔린 베스트셀러인 '위너'. '베어타운' 시리즈의 마지막으로써 '베어타운' 혹은 '우리와 당신들'을 읽지않아도 '위너'를 읽는 데는 문제가 없습니다.

그렇기에 베어타운 시리즈를 읽지 않았다해서 위너를 읽는 것을 망설이지 마세요 물론 시리즈를 읽는다면 인물의 배경 이야기를 좀더 이해하기 쉬울거예요.

이 소설은 미워하고 심지어는 혐오하며 갈등하는 우리의 사회를 담고 있어요. '베어타운'과 '헤드' 숲속의 두 마을 이야기가 결국은 우리의 사회더라고요. 그리고 그 속에 상처받았지만 그럼에도 서로를 위해 살아가고 또 그 속에 받은 상처는 어떻게 아물어 가는지도 엿볼 수 있답니다 

결국 우리는 서로를 사랑하고 또 희망을 찾아나가며 살아가겠지요. 올 겨울을 따뜻하게 데울 신간 장편소설 '위너'. 꼭 읽어보시길 추천합니다!"	45
"마을에서 일어나는 사건들이 과거와 현재를 오가고 또 일인칭 시점이 아닌 등장인물 각자의 시점에서 전개되어 헷갈리기도 했지만 또 다양한 입장에서 사건을 바라볼 수 있어서 매력적이었다.
위너1이 베어타운 시리즈의 마지막 이야기라고 하던데 지난 작품들도 한번 읽어보고 위너를 다시 읽어보면 마을에서 벌어지는 사건들과 인물들의 심리가 더 잘 이해될거 같아서 다른 이야기들도 궁금해졌다."	45
끔찍한 사건으로 상처입은 개인과 공동체는 오직 그들만이 스스로 치유하고 봉합될 수 있음을 보여주는 작품이었다. 우리 사회에도 갈수록 만연해가는 갈등 혐오의 인식 속에서 개인으로서 사회의 구성원으로서 어떤 생각을 갖고 문제를 인식하고 해결을 위한 실마리를 찾아가야 할 것인가 깊이 생각해보게 한 책이다. 올 겨울 따뜻하게 데워줄 하나의 소설 위너이다.	45
"겨울에 겨울소설을 읽는 그 차가운 맛.
빙판 위 올려져있는 듯한 관계와 온도.
숲 속에 가려져 있던 숲 속에서만 맴돌던 그 침묵이 폭풍을 만나 결국 숲 안을 볼 수 있게 되버린 이야기.
얽히고 섥힌 이야기를 재밌게 읽었습니다"	45
믿고 읽는 작가! 공동체와 인간에 대한 따스한 시선이 너무 좋아요!	45
"이 책을 읽고 생일선물 받은 듯한 가장 어둡고 타는 듯한 아픔도
혼자가 아니라면 견딜 만한 것이 된다!”
폭풍 뒤의 절망으로 얼어붙은 마음마저 녹이는
프레드릭 배크만의 따뜻한 시선입니다"	45
"표지부터 너무 예뻐서 겨울 분위기 크리스마스 분위기
제대로 나는 소설! 스웨덴의 두 작은 마을에서 벌어지는 이야기인데 스웨덴의 겨울과 자연이 너무나 경이로웠어요. 겨울 하키 가족 이런 단어들이 떠오르는 소설이었습니다. 등장인물만 거의 20명이 넘어서 각각의 이야기들이 이어지는 걸 보는 것도 재밌었어요! 얼른 2권도 읽어봐야겠습니다."	45
겨울 감성 물씬 나는 표지가 따스함을 안겨준다. 읽을수록 하키라는 스포츠에 대해 알게 되면서 인생과 하키가 닮았다는 사실을 공감한다. 단순하게 생각해야 된다는 것 바꿀 수 있는 날은 하루뿐이라는 것 아맛은 구렁텅이에서 빠져 나올 수 있을까?. 벤야민은 어떤 모습으로 베어타운에 돌아왔을까? 2권에서의 인물들의 성장 모습이 궁금해진다. 상처 받으면서 단단해지는 인물들의 미래 모습을 작가는 어떻게 전개했을지 알고 싶어진다. 또한 프락은 이권으로 하키를 이용했는데 나락으로 떨어졌을지 알고 싶어진다.	45
오베라는 남자'로 유명한 프래드릭 배크만 작가님의 신작. 베어타운 시리즈라 불리는 전작인 '베어타운' '우리와 당신들'을 잇는 마지막 시리즈. 이것만으로 위너를 읽을 이유는 충분하지 않을까? 1권은 2년 전 일어난 사건들로 인해 마을을 떠난 아이들. 그리고 그 2년 동안의 마을과 마을 사람들의 변화된 위상에 대해 설명한다. 왜 그들이 떠날 수 밖에 없었는지. 그들을 내몰았던 진짜 이유는 무엇이었는지. 그 속에서 보여지는 마을 사람들의 집단 이기주의와 가십의 가십. 그리고 결국 피해자는 또다시 피해자가 되며 마을 밖으로 내몰리는 등 시종일관 불편한 이야기 뿐이다. 하지만 그럼에도 우리가 2권을 꺼내들 수 밖에 없는건 그들이 다시 마을로 돌아오게 되면서 상처를 치유하기를 바라는 마음에서 이 끝은 사람들의 이기심이 아니라 사람들의 배려와 그 속에서 보여지는 희망이기를 바라는 마음에서 일 것이다. 어짜됐든 소설은 재밌어야 하는 법. 나에게 위너 1권이 재밌냐고 묻는다면 망설이지 않게 대답할 수 있다. 재밌다. 그래서 2권이 너무 기대된다.	45
"당신은 인간을 이해하고 싶은가?

진심으로 이해하고 싶은가?"	45
당장 쏟아지는 기술들과 급변하는 기후를 직접 직면하고 있는 우리 사회 속에 우리가 찾아내야 할 이런 저런 마음들을 모아둔 소설입니다. 아름다움 외에 기능이 없는 모스바나의 푸른 빛이 사실 인간들의 마음을 움직이는 가장 중요한 기능을 갖고 있었던 것일지도 라는 생각을 했습니다. 김초엽 작가님은 과학과 사회와 마음을 연결시키는 쉽지 않은 일을 항상 소설로 표현해내시네요.	46
마치 추리소설을 읽는 듯한 느낌의 흥미로움이 있었지만 개인적으로는 식물이라는 존재에 대해 다시 생각해보게되었다. 항상 인간중심적 사고를 하다보니 생물들중 가장 중요한 것은 인간 그 다음은 개나 고양이 같은 동물 혹은 사자나 호랑이 같은 동물들을 중심으로 세계를 바라보았다. 하지만 동물은 사실 식물이 없이는 단 한순간도 살아갈 수 없는 존재이다. 지구가 생명력이 넘치는 행성이라면 그것은 동물때문이 아닌 식물때문일 것이다. 이 소설을 읽는 내내 마치 추리소설을 풀듯이 흥미진진함을 느꼈지만 다 읽고나서 느낀 것은 그런 흥미진진함이나 미래의 모습에 대한 궁금함같은 sf소설적인 부분이 아닌 식물의 중요성과 그동안 얼마나 가만히 그자리에 있는 식물을 아무것도 아닌양 무관심해왔는가였다. 앞으론 좀더 식물에 관심을 갖고 돌봐야겠다.	46
작가님 사랑해요 작가님이 우주 끝까지 가셔도 따라갈래요	46
"이거 밀리의서재에서 읽고 너무 재밌어서 여기저기 다 추천하고 다녔었는데 이제 교보문고에서도 만날수있네요
이 책 진짜 강추드려요!!"	46
터져나오는 이야기들을 글로 옮겨놓는 부지런함도 대단한 듯 김초엽 작가님 건강하시기를…	46
공헌자가 배척자로 괴식물이 구원자로 비추는 과정을 섬세하게 잘 보여준 책! 술술 읽히고 희망을 보여줌	46
밀리에서도 좋았는데 종이로 보니까 또 다르게 좋아요 원래도 작가의 말이 있었던가요? 작가의 말까지 완벽해요	46
"김초엽 작가님 책은 처음입니다.

환경의 관한 책이라고만 생각하고 구매하였는데
저는 인간의 사랑과 애정의 관한 이야기로 읽었습니다.
아름다움 외에 기능이 없는 모스바나의 푸른 빛도 마찬가지로 해석이 되더라구요. 한 인간이 평생을 살아가는 힘은 그런 애정이 아닐까 생각되었습니다.

내용이 흥미진진하고 오랜만에 아주 재밌게 읽은 소설이었고 가독성도 좋고 몰입도 잘되서 중간중간에 눈물이 핑 돌기도 했어요.
한 번 더 읽어보려구요."	46
"초중반으로 넘어가면서 문득 느겼다
남성이 완전히 배제된 이야기 전개
그후로 보는 내내 따뜻함을 느낄수 없었다
이런 나의 감정이 피해의식으로부터라면 차라리 다행이다
오늘도 난 한국의 패미니즘이 싫다"	46
추천받아서 샀는데 너무좋네요♡	46
"이분 책을 처음으로 접했는데 신선하고 섬세한 감정묘사와 더불어 기발하고 한편으로 낯선 소재에 대한 디테일이 정말 좋단 생각을 하게됐다.
재밌고 읽었고 생각도 많이하게 됐다."	46
읽는 내내 마음이 따뜻해졌어요	46
요즘 현실과의 연장선 같은 이슈라 더 잘 읽히고 공감되는 소설이네요	46
작가님 팬입니다!!! 작가님 글은 항상 독특하고 다채로운 상상력으로 가득 차 있는 것 같아요 읽으면 항상 행복해집니다! 글 써주셔서 감사합니다	46
밀리에서 읽었는데 여운이 남는 책입니다. 꼭 읽어보시길	46
왜 이제서야 읽었나 싶을 정도로 재밌고 여운이 남는 책	46
아이가 좋아하는책 잘 읽네요 좋아요	46
아이가 고른 책입니다 좋네요	46
학원 교재로 구입했는데 재미있게 읽고 있어요.	46
다시 읽어도 재밌는 책입니다.	46
글쎄요... 책장은 잘 넘어가지만 좀 억지스런 부분이 있는것도 같고 살인자? 사체유기자의 심정을 겪어보지 않아서 모르지만 좀 일반적이지 않은 심리를 이해하기도 어렵게 묘사한 것같은? 돈이 좀 아까운 책...	47
후루룩 읽게 되는 그런 책. 내가 많이 편협한 사람이었구나	47
재밌어요 잘 읽혀요 좋아요	47
꼬리를 무는 범인이 서서히 윤곽이 드러나면서 예상되는 결말로 이를때 쯤 한 방 먹이는 반전이 있었다	47
과연 다현을 죽인 사람은 누구이며 이유는 무엇일지 정말 궁금하고 기대됩니다.	47
섬세한 필력으로 반전까지 이끌어내는 작가의 의도대로 단숨에 읽어버리고 한동안 멍했던 느낌..작가의 독자들에게 요구하는 단순재미는 물론 인간의 자아와 욕망 성찰까지 분명 탐독할수 있는 대단한 작품인듯하다	47
강추! 정말 재밌어요	47
와 미쳤다. 반전의 반전의 반전	47
추천받아서 읽었는데 정말 재밌습니당 !	47
정말 최고의 소설… 강추입니다	47
"스릴러 미스터리 좋아하시는분은 꼭 보세요
절대절대 후회 안해요
저 다 읽고 이렇게 여운남는 책 처음인것같아여.....
진짜 최고"	47
재밌었습니다 다른 글도 기대돼요	47
마지막이 나에겐 반전이라면 반전이랄까?	47
추천이 많아서 구입했어요. 기대되네요.	47
반전의 반전입니다. 결말이 상상 외 이네요	47
반전도 있고 스토리가 휘몰아쳐서 읽으면서 몰입할수 밖에 없네요.	47
집중이 잘 돼요 흥미진진하게 읽혀집니다	47
너무너무 재밌어요 소리지름 반전!!	47
워낙 유명한 책이라 너무 재밌어요.	47
"시간가는 줄 모르고 읽었어요
문장도 읽기 쉽고 반전도 있어서 재밌어요"	47
